road,id,model_type,length,condition,LRPName,name,chainage,lat,lon
N1,0,source,0.0,0,LRP001,road N1,0.0,23.69873866,90.4588610799999
N1,1,link,1800.0,0,LRP001-road,road N1,0.0,23.69873866,90.4588610799999
N1,2,bridge,11.3,A,LRP001,.,1.8,23.69873866,90.4588610799999
N1,3,link,3113.7,0,LRP001-road,road N1,1.8113000000000001,23.69873866,90.4588610799999
N1,4,bridge,6.6,A,LRP004,.,4.925,23.6946638363636,90.4877749181818
N1,5,link,4044.400000000001,0,LRP004-road,road N1,4.9315999999999995,23.6946638363636,90.4877749181818
N1,6,bridge,397.0,C,LRP008,KANCHPUR PC GIRDER BRIDGE,8.976,23.7050598925675,90.5232141463513
N1,7,link,1169.9999999999984,0,LRP008-road,road N1,9.373000000000001,23.7050598925675,90.5232141463513
N1,8,bridge,6.866666666666667,B,LRP010,KATCHPUR BOX CULVERT,10.543,23.6964000869109,90.5350989801047
N1,9,link,746.1333333333334,0,LRP010-road,road N1,10.549866666666667,23.6964000869109,90.5350989801047
N1,10,bridge,9.45,B,LRP011,NAYABARI KASPUR BOX CULVERT,11.296,23.6923601518691,90.5409183897196
N1,11,link,933.5500000000013,0,LRP011-road,road N1,11.305449999999999,23.6923601518691,90.5409183897196
N1,12,bridge,7.7,A,LRP012,KHAS PARA BOX CULVERT,12.239,23.6884123260204,90.5485585290816
N1,13,link,413.2999999999994,0,LRP012-road,road N1,12.2467,23.6884123260204,90.5485585290816
N1,14,bridge,27.5,A,LRP013,Madanpur Bridge.(L),12.66,23.685583027027,90.551207981081
N1,15,link,886.4999999999997,0,LRP013-road,road N1,12.6875,23.685583027027,90.551207981081
N1,16,bridge,11.9,A,LRP014,KAWTALA BOX CULVERT,13.574,23.6778035,90.5558194349999
N1,17,link,1879.1,0,LRP014-road,road N1,13.5859,23.6778035,90.5558194349999
N1,18,bridge,5.55,B,LRP016,MALIBAG BOX CULVERT,15.465,23.6633090696149,90.563856994797
N1,19,link,1663.4500000000005,0,LRP016-road,road N1,15.47055,23.6633090696149,90.563856994797
N1,20,bridge,159.52,C,LRP017,Langalbandh Bridge.,17.134,23.6544257051136,90.576730225
N1,21,link,0.0,0,LRP017-road,road N1,17.29352,23.6544257051136,90.576730225
N1,22,bridge,21.816666666666666,B,LRP018,Darikandi Bridge (R),17.222,23.65397226,90.57741042
N1,23,link,1498.183333333333,0,LRP018-road,road N1,17.243816666666667,23.65397226,90.57741042
N1,24,bridge,40.415,B,LRP019,Mollik para Bridge(R),18.742,23.6459685949152,90.5892119813559
N1,25,link,977.5850000000007,0,LRP019-road,road N1,18.782415,23.6459685949152,90.5892119813559
N1,26,bridge,8.2,B,LRP020,KRIBORDI BOX CULVERT,19.76,23.6379543715384,90.5936673976923
N1,27,link,1415.7999999999995,0,LRP020-road,road N1,19.7682,23.6379543715384,90.5936673976923
N1,28,bridge,88.33500000000001,A,LRP021,Marikhali Bridge(L),21.184,23.6284668507692,90.6023015723077
N1,29,link,1055.6649999999984,0,LRP021-road,road N1,21.272335,23.6284668507692,90.6023015723077
N1,30,bridge,5.5,B,LRP022,SANGAKADI CULVERT,22.328,23.6198832229508,90.6083528852459
N1,31,link,262.5000000000007,0,LRP022-road,road N1,22.3335,23.6198832229508,90.6083528852459
N1,32,bridge,168.61,B,LRP023,ASHIR CHAR ( Left),22.596,23.6176407964705,90.6095506105882
N1,33,link,1628.3900000000008,0,LRP023-road,road N1,22.76461,23.6176407964705,90.6095506105882
N1,34,bridge,900.0,C,LRP024,MEGHNA BRIDGE,24.393,23.6027595885583,90.6155316965675
N1,35,link,821.9999999999977,0,LRP024-road,road N1,25.293,23.6027595885583,90.6155316965675
N1,36,bridge,5.55,A,LRP026,TATULTALA CULVERT,26.115,23.5929818827893,90.6279699370919
N1,37,link,999.4500000000025,0,LRP026-road,road N1,26.120549999999998,23.5929818827893,90.6279699370919
N1,38,bridge,5.6,A,LRP027,MALUAKANDI CULVEDRT,27.12,23.58631812254,90.6345094207093
N1,39,link,1189.4000000000003,0,LRP027-road,road N1,27.125600000000002,23.58631812254,90.6345094207093
N1,40,bridge,172.675,A,LRP028,Bhater char Bridge (L),28.315,23.5779800248475,90.6419193089939
N1,41,link,650.3250000000005,0,LRP028-road,road N1,28.487675000000003,23.5779800248475,90.6419193089939
N1,42,bridge,29.810000000000002,A,LRP029,Anarpara Bridge (L),29.138,23.5716306256965,90.6454159236842
N1,43,link,674.1899999999971,0,LRP029-road,road N1,29.167810000000003,23.5716306256965,90.6454159236842
N1,44,bridge,34.7,A,LRP030,VITIKANDA - ANAR PUR CULVERT,29.842,23.5660033956521,90.6486237247282
N1,45,link,1031.3000000000025,0,LRP030-road,road N1,29.8767,23.5660033956521,90.6486237247282
N1,46,bridge,26.3,B,LRP031,ALIPURA BRIDGE (LEFT),30.908,23.5591910296296,90.6557475703703
N1,47,link,537.7,0,LRP031-road,road N1,30.9343,23.5591910296296,90.6557475703703
N1,48,bridge,29.862499999999997,A,LRP032,Bhaber char Bridge(R),31.472,23.5557082901265,90.6597414245569
N1,49,link,1275.1374999999998,0,LRP032-road,road N1,31.5018625,23.5557082901265,90.6597414245569
N1,50,bridge,7.15,A,LRP033,PURRANBUICHE BOX CULVERT,32.777,23.5477377446428,90.6690554098214
N1,51,link,806.85,0,LRP033-road,road N1,32.784150000000004,23.5477377446428,90.6690554098214
N1,52,bridge,35.629999999999995,C,LRP034,Madhya Baushia Bridge(L),33.591,23.54268543125,90.6748292125
N1,53,link,1554.3699999999963,0,LRP034-road,road N1,33.62663,23.54268543125,90.6748292125
N1,54,bridge,9.5,A,LRP035,.,35.181,23.5327751898617,90.6858701078341
N1,55,link,217.50000000000387,0,LRP035-road,road N1,35.1905,23.5327751898617,90.6858701078341
N1,56,bridge,16.6875,B,LRP036,BORAKANDI BRIDGE(L),35.408,23.5313996605222,90.68744892596
N1,57,link,1585.3124999999968,0,LRP036-road,road N1,35.424687500000005,23.5313996605222,90.68744892596
N1,58,bridge,1408.8,C,LRP037,Daud Kandi Bridge,37.01,23.5303844733,90.7024402743
N1,59,link,885.2000000000041,0,LRP037-road,road N1,38.4188,23.5303844733,90.7024402743
N1,60,bridge,14.55,C,LRP040,Baldhakhal Bridge,39.304,23.5324186,90.7242807234
N1,61,link,3617.4499999999975,0,LRP040-road,road N1,39.31855,23.5324186,90.7242807234
N1,62,bridge,16.5,C,LRP043,SHAHID NAGIR,42.936,23.5298050611,90.75825325
N1,63,link,2211.5000000000014,0,LRP043-road,road N1,42.9525,23.5298050611,90.75825325
N1,64,bridge,3.9,C,LRP046,SARKAR BARI CULVERT,45.164,23.5307655282208,90.7800797251533
N1,65,link,1703.1000000000006,0,LRP046-road,road N1,45.1679,23.5307655282208,90.7800797251533
N1,66,bridge,6.5,C,LRP047,AMIRABATH SLAB CULVERT,46.871,23.5308683409424,90.7918075171727
N1,67,link,1506.4999999999982,0,LRP047-road,road N1,46.877500000000005,23.5308683409424,90.7918075171727
N1,68,bridge,15.9,C,LRP049,Ginlatoly,48.384,23.5318234765,90.8110155135
N1,69,link,2158.0999999999995,0,LRP049-road,road N1,48.3999,23.5318234765,90.8110155135
N1,70,bridge,12.2,A,LRP051,RAIPUR BOX CULVERT,50.558,23.5329743291,90.8309774761999
N1,71,link,1742.8000000000025,0,LRP051-road,road N1,50.5702,23.5329743291,90.8309774761999
N1,72,bridge,4.5,C,LRP053,AITAL BANGA BOX CULVERT,52.313,23.5229166652,90.8442186132
N1,73,link,3688.4999999999977,0,LRP053-road,road N1,52.3175,23.5229166652,90.8442186132
N1,74,bridge,28.9,C,LRP056,Illiot bazar Bridge,56.006,23.510087758207,90.8757204035353
N1,75,link,2803.100000000001,0,LRP056-road,road N1,56.0349,23.510087758207,90.8757204035353
N1,76,bridge,5.9,B,LRP059,KHAT GHOR BOX CULVERT,58.838,23.5060024341,90.9021745389
N1,77,link,1986.0999999999972,0,LRP059-road,road N1,58.8439,23.5060024341,90.9021745389
N1,78,bridge,3.0,B,LRP061,BAKRA BOX CULVERT,60.83,23.5056131416,90.9214660218
N1,79,link,2265.000000000001,0,LRP061-road,road N1,60.833,23.5056131416,90.9214660218
N1,80,bridge,4.5,B,LRP064,MATIA BAZER,63.098,23.5024077848,90.9432418928
N1,81,link,3075.499999999998,0,LRP064-road,road N1,63.1025,23.5024077848,90.9432418928
N1,82,bridge,4.6,B,LRP067,KARON KHAL SLAB CULVERT,66.178,23.495896314,90.9715772516
N1,83,link,1857.4000000000092,0,LRP067-road,road N1,66.1826,23.495896314,90.9715772516
N1,84,bridge,4.5,A,LRP068,MILL GHAT BOX CULVERT,68.04,23.4932728146,90.9887200416
N1,85,link,3111.4999999999995,0,LRP068-road,road N1,68.0445,23.4932728146,90.9887200416
N1,86,bridge,23.1,C,LRP072,CHANDINA- SHAHA PARA RCC GIDER GRIDGE,71.156,23.4868805937254,91.017566692647
N1,87,link,3099.8999999999905,0,LRP072-road,road N1,71.1791,23.4868805937254,91.017566692647
N1,88,bridge,4.6,B,LRP075,CORI PAI BOX CULVERT,74.279,23.4817873233065,91.0463348850746
N1,89,link,1028.4000000000015,0,LRP075-road,road N1,74.28359999999999,23.4817873233065,91.0463348850746
N1,90,bridge,4.6,B,LRP076,COREPAI BOX CULVERT,75.312,23.4817498298684,91.0563549686842
N1,91,link,1164.399999999997,0,LRP076-road,road N1,75.3166,23.4817498298684,91.0563549686842
N1,92,bridge,1.5,A,LRP077,NIMSHAR SLAB CULVERT,76.481,23.480613086,91.0674097692
N1,93,link,1899.5000000000105,0,LRP077-road,road N1,76.48249999999999,23.480613086,91.0674097692
N1,94,bridge,1.0,C,LRP079,KABILA DUBARCHAR SLAB CULVERT,78.382,23.4776722851,91.0847406393
N1,95,link,2565.999999999993,0,LRP079-road,road N1,78.38300000000001,23.4776722851,91.0847406393
N1,96,bridge,3.0,B,LRP081,NAZIRA BOX CULVERT,80.949,23.4781159049382,91.1070332074074
N1,97,link,1484.9999999999995,0,LRP081-road,road N1,80.952,23.4781159049382,91.1070332074074
N1,98,bridge,2.15,A,LRP083,TIPRA BAZAR BOX CULVERT,82.437,23.4794083880733,91.1238920825688
N1,99,link,5273.849999999997,0,LRP083-road,road N1,82.43915,23.4794083880733,91.1238920825688
N1,100,bridge,22.85,C,LRP088,Dhanpur Bridge,87.713,23.4436339598272,91.1493668151188
N1,101,link,3356.150000000005,0,LRP088-road,road N1,87.73585,23.4436339598272,91.1493668151188
N1,102,bridge,35.97,C,LRP092,Paduar Bazar Bridge,91.092,23.4212487704918,91.1678943372365
N1,103,link,2472.0299999999957,0,LRP092-road,road N1,91.12797,23.4212487704918,91.1678943372365
N1,104,bridge,27.35,C,LRP094,Mostapur Bridge,93.6,23.4119324230158,91.1939029849206
N1,105,link,3629.650000000011,0,LRP094-road,road N1,93.62734999999999,23.4119324230158,91.1939029849206
N1,106,bridge,27.35,C,LRP098,Matigara Bridge,97.257,23.3976518197887,91.2234221346859
N1,107,link,3653.6499999999974,0,LRP098-road,road N1,97.28435,23.3976518197887,91.2234221346859
N1,108,bridge,30.48,A,LRP101,Suagazi Bridge.,100.938,23.3713647755,91.2450175414999
N1,109,link,2487.520000000001,0,LRP101-road,road N1,100.96848,23.3713647755,91.2450175414999
N1,110,bridge,22.8,C,LRP104,LAL BAG RCC GIDER BRIDGE,103.456,23.3521636774381,91.2572910746724
N1,111,link,1274.199999999997,0,LRP104-road,road N1,103.4788,23.3521636774381,91.2572910746724
N1,112,bridge,14.3,A,LRP105,CHANSIRI BOXCUIVERT,104.753,23.342671472,91.264485636
N1,113,link,1751.7000000000055,0,LRP105-road,road N1,104.7673,23.342671472,91.264485636
N1,114,bridge,24.0,A,LRP107,MIABAZAR BOX CULVERT,106.519,23.3301462324,91.2748792824
N1,115,link,1581.9999999999945,0,LRP107-road,road N1,106.543,23.3301462324,91.2748792824
N1,116,bridge,9.2,A,LRP109,NOYA BAZER BOX CULVERT,108.125,23.3180696869138,91.2830867321701
N1,117,link,1154.8000000000013,0,LRP109-road,road N1,108.1342,23.3180696869138,91.2830867321701
N1,118,bridge,10.9,B,LRP110,DOLL BARI CULVERT,109.289,23.3083612731261,91.2865787034735
N1,119,link,1251.1000000000004,0,LRP110-road,road N1,109.29990000000001,23.3083612731261,91.2865787034735
N1,120,bridge,3.2,A,LRP111,LALGORE BEZER CULVERT,110.551,23.2979675271676,91.2910141369942
N1,121,link,954.7999999999984,0,LRP111-road,road N1,110.55420000000001,23.2979675271676,91.2910141369942
N1,122,bridge,13.4,A,LRP112,SUPUYA BOX CULVERT,111.509,23.2897066386454,91.2929584711155
N1,123,link,946.5999999999938,0,LRP112-road,road N1,111.5224,23.2897066386454,91.2929584711155
N1,124,bridge,4.6,B,LRP113,BOWCHI BAZAR CULVERT,112.469,23.2821949258397,91.2966655096899
N1,125,link,1243.4000000000046,0,LRP113-road,road N1,112.47359999999999,23.2821949258397,91.2966655096899
N1,126,bridge,6.3,B,LRP114,AMAN GONG SLAB CULVERT,113.717,23.27301895,91.3029661882
N1,127,link,1328.700000000008,0,LRP114-road,road N1,113.7233,23.27301895,91.3029661882
N1,128,bridge,3.1999999999999997,B,LRP116,RANGAMATIA (1) BOX CULVERT,115.052,23.2618360940594,91.3070217386138
N1,129,link,1018.7999999999913,0,LRP116-road,road N1,115.05520000000001,23.2618360940594,91.3070217386138
N1,130,bridge,4.5,B,LRP117,HARISHARDE CULVERT,116.074,23.2527463398104,91.3083926405213
N1,131,link,1008.5000000000052,0,LRP117-road,road N1,116.07849999999999,23.2527463398104,91.3083926405213
N1,132,bridge,8.1,B,LRP118,SONAGATI BOX CULVERT,117.087,23.2443915125925,91.3114032292592
N1,133,link,953.9000000000033,0,LRP118-road,road N1,117.0951,23.2443915125925,91.3114032292592
N1,134,bridge,2.8,B,LRP119,KALIR BAZAR BOX CULVERT,118.049,23.2360759516523,91.3129901976744
N1,135,link,1138.1999999999912,0,LRP119-road,road N1,118.0518,23.2360759516523,91.3129901976744
N1,136,bridge,4.3,B,LRP120,CHAUDDAGARAM BOX CULVERT,119.19,23.2259184472573,91.3135697177215
N1,137,link,1439.7000000000028,0,LRP120-road,road N1,119.1943,23.2259184472573,91.3135697177215
N1,138,bridge,14.3,B,LRP121,HAYDAR POLE BOX CULVERT,120.634,23.2131955721448,91.3153497403899
N1,139,link,918.6999999999928,0,LRP121-road,road N1,120.6483,23.2131955721448,91.3153497403899
N1,140,bridge,6.1,A,LRP122,FALGUNCORA CULVERT,121.567,23.2050386287937,91.3163167282749
N1,141,link,1029.9000000000015,0,LRP122-road,road N1,121.5731,23.2050386287937,91.3163167282749
N1,142,bridge,6.1,A,LRP123,ATTOCK GRAM BOX CULVERT,122.603,23.1961887953757,91.3176705069364
N1,143,link,1071.900000000003,0,LRP123-road,road N1,122.6091,23.1961887953757,91.3176705069364
N1,144,bridge,6.1,C,LRP124,BOSONTA PUR BOX CULVERT,123.681,23.1874350254302,91.3209051317399
N1,145,link,658.9000000000062,0,LRP124-road,road N1,123.6871,23.1874350254302,91.3209051317399
N1,146,bridge,9.5,B,LRP125,BASHONTA PUR (2),124.346,23.1817958149837,91.3208787514658
N1,147,link,1054.499999999993,0,LRP125-road,road N1,124.3555,23.1817958149837,91.3208787514658
N1,148,bridge,3.1,B,LRP126,NANKORA BOX CULVERT,125.41,23.1726272318681,91.3205774642857
N1,149,link,1034.899999999997,0,LRP126-road,road N1,125.4131,23.1726272318681,91.3205774642857
N1,150,bridge,9.5,A,LRP127,ANDAJER BAZER BOX CULVERT,126.448,23.1635138669191,91.3215889464646
N1,151,link,1215.5000000000086,0,LRP127-road,road N1,126.4575,23.1635138669191,91.3215889464646
N1,152,bridge,6.3,B,LRP128,DIMATOLI (1) BOX CULVERT,127.673,23.1527364949367,91.3243178772152
N1,153,link,1087.6999999999941,0,LRP128-road,road N1,127.6793,23.1527364949367,91.3243178772152
N1,154,bridge,3.5,B,LRP129,DIMATOLY (2) BOX CULVERT,128.767,23.1436667679334,91.3266680470308
N1,155,link,520.5000000000009,0,LRP129-road,road N1,128.7705,23.1436667679334,91.3266680470308
N1,156,bridge,6.1,B,LRP130,JAGARNATHPUR BOX CULVERT,129.291,23.1389893200345,91.3263585348877
N1,157,link,657.9000000000157,0,LRP130-road,road N1,129.2971,23.1389893200345,91.3263585348877
N1,158,bridge,4.75,B,LRP131,JAGOT PUR BOX CULVERT,129.955,23.1332639685968,91.327546416481
N1,159,link,1617.2499999999857,0,LRP131-road,road N1,129.95975,23.1332639685968,91.327546416481
N1,160,bridge,4.5,B,LRP132,FOKIR BAZAR SLAB CULVERT,131.577,23.1196973774193,91.3328165129032
N1,161,link,497.50000000000955,0,LRP132-road,road N1,131.5815,23.1196973774193,91.3328165129032
N1,162,bridge,5.3,B,LRP133,KAKKARA CULVERT,132.079,23.1158251554,91.335094485
N1,163,link,1070.6999999999935,0,LRP133-road,road N1,132.0843,23.1158251554,91.335094485
N1,164,bridge,6.1,A,LRP134,Chanara Box Culvert,133.155,23.1074284451388,91.3400495436111
N1,165,link,711.8999999999893,0,LRP134-road,road N1,133.1611,23.1074284451388,91.3400495436111
N1,166,bridge,6.3,B,LRP135,CHANGARPULL(II) BOX CULVERT,133.873,23.1017563206521,91.343162998913
N1,167,link,1094.6999999999991,0,LRP135-road,road N1,133.8793,23.1017563206521,91.343162998913
N1,168,bridge,6.175,B,LRP136,PODOYA BOX CULVERT,134.974,23.0930298369186,91.3478308386627
N1,169,link,1394.8250000000105,0,LRP136-road,road N1,134.980175,23.0930298369186,91.3478308386627
N1,170,bridge,8.85,B,LRP137,UTTOR KAIEATI CULVERT,136.375,23.0819909531309,91.3541811474383
N1,171,link,1472.1499999999946,0,LRP137-road,road N1,136.38385,23.0819909531309,91.3541811474383
N1,172,bridge,6.1,B,LRP138,DUTHOSHA BOX CULVERT,137.856,23.070198184,91.3603022
N1,173,link,1090.9000000000085,0,LRP138-road,road N1,137.8621,23.070198184,91.3603022
N1,174,bridge,4.0,B,LRP140,MOHAMMAD ALI MAZAR,138.953,23.0607473333333,91.3618624619047
N1,175,link,2574.0000000000027,0,LRP140-road,road N1,138.957,23.0607473333333,91.3618624619047
N1,176,bridge,10.8,A,LRP142,FATAPUR BOX CULVERT,141.531,23.0379728055555,91.3656784724359
N1,177,link,1251.2000000000005,0,LRP142-road,road N1,141.5418,23.0379728055555,91.3656784724359
N1,178,bridge,1.6,A,LRP143,DEBIPUR SLAB CULVERT,142.793,23.0269801170731,91.3655004839721
N1,179,link,2144.3999999999864,0,LRP143-road,road N1,142.7946,23.0269801170731,91.3655004839721
N1,180,bridge,3.4,A,LRP145,CHARIPUR CULVERT.,144.939,23.0124048410423,91.3779796149837
N1,181,link,2353.599999999999,0,LRP145-road,road N1,144.9424,23.0124048410423,91.3779796149837
N1,182,bridge,1.5,A,LRP148,RAMPUR BOX CULVERT,147.296,22.999248756,91.3957752
N1,183,link,853.5000000000182,0,LRP148-road,road N1,147.29749999999999,22.999248756,91.3957752
N1,184,bridge,15.636666666666665,B,LRP149,Rampur Bridge(L),148.151,22.9947280792802,91.4022894900763
N1,185,link,5676.363333333313,0,LRP149-road,road N1,148.16663666666668,22.9947280792802,91.4022894900763
N1,186,bridge,98.87,C,LRP155,Lemua Bridge(L),153.843,22.9614487369369,91.4429962027027
N1,187,link,4089.1300000000165,0,LRP155-road,road N1,153.94187,22.9614487369369,91.4429962027027
N1,188,bridge,1.5,A,LRP159,FAZAILPUR BOXCULVERT,158.031,22.9486038666666,91.4794993833333
N1,189,link,2346.4999999999845,0,LRP159-road,road N1,158.0325,22.9486038666666,91.4794993833333
N1,190,bridge,193.22,B,LRP161,Muhuri Bridge(L),160.379,22.9496126090047,91.502066899526
N1,191,link,4610.780000000002,0,LRP161-road,road N1,160.57222,22.9496126090047,91.502066899526
N1,192,bridge,113.35,B,LRP166,DHOOM GHAT PC GIRDER,165.183,22.9149647061403,91.5262895350877
N1,193,link,1182.6500000000208,0,LRP166-road,road N1,165.29635,22.9149647061403,91.5262895350877
N1,194,bridge,3.0,A,LRP167,BOROYAR PARA SLUB CULVERT,166.479,22.9042462955223,91.5316297776119
N1,195,link,1480.9999999999804,0,LRP167-road,road N1,166.482,22.9042462955223,91.5316297776119
N1,196,bridge,3.0,A,LRP169,BAROYARHAT BOX CULVERT,167.963,22.8916386,91.5354719
N1,197,link,1966.9999999999989,0,LRP169-road,road N1,167.96599999999998,22.8916386,91.5354719
N1,198,bridge,2.6,A,LRP171,UTTOR SONAPAR BOX CULVERT,169.933,22.8746986941176,91.5408836647058
N1,199,link,1618.4000000000094,0,LRP171-road,road N1,169.9356,22.8746986941176,91.5408836647058
N1,200,bridge,3.15,A,LRP172,DHARBAR TILA CULVERT,171.554,22.8609876872509,91.5451551717131
N1,201,link,564.8500000000121,0,LRP172-road,road N1,171.55715,22.8609876872509,91.5451551717131
N1,202,bridge,1.5,A,LRP173,MAMAFOUN ASTANA CULVERT,172.122,22.8560565672727,91.5457188709091
N1,203,link,845.49999999998,0,LRP173-road,road N1,172.1235,22.8560565672727,91.5457188709091
N1,204,bridge,4.333333333333333,A,LRP174,MASTANNAGOR BONCUL(1),172.969,22.8486172764705,91.5463706117647
N1,205,link,885.6666666666814,0,LRP174-road,road N1,172.97333333333333,22.8486172764705,91.5463706117647
N1,206,bridge,3.0,A,LRP175,MUSTAN NAGAR -4,173.859,22.8410943334277,91.5488096951841
N1,207,link,1150.9999999999964,0,LRP175-road,road N1,173.862,22.8410943334277,91.5488096951841
N1,208,bridge,8.45,C,LRP176,RAIPUR (2) BOX CULVERT,175.013,22.8309613422018,91.5505028545871
N1,209,link,2225.5500000000093,0,LRP176-road,road N1,175.02145000000002,22.8309613422018,91.5505028545871
N1,210,bridge,9.5,B,LRP179,MUCHIPOOL CULVERT,177.247,22.811563437647,91.5562562129411
N1,211,link,2106.4999999999854,0,LRP179-road,road N1,177.25650000000002,22.811563437647,91.5562562129411
N1,212,bridge,4.5,A,LRP181,MIRSARAI BOX CUL,179.363,22.7941813523326,91.5629612622718
N1,213,link,1482.4999999999948,0,LRP181-road,road N1,179.3675,22.7941813523326,91.5629612622718
N1,214,bridge,23.2,B,LRP182,MIRAISORI BRIDGE,180.85,22.7821968918511,91.5691025661971
N1,215,link,951.7999999999943,0,LRP182-road,road N1,180.8732,22.7821968918511,91.5691025661971
N1,216,bridge,6.0,A,LRP183,Mirsorai(2) box culvert,181.825,22.774197092,91.5728737519999
N1,217,link,487.0000000000234,0,LRP183-road,road N1,181.831,22.774197092,91.5728737519999
N1,218,bridge,9.7,A,LRP184,IANAINIPOL BOX CULVERT.,182.318,22.770251666098,91.5750905211087
N1,219,link,968.2999999999802,0,LRP184-road,road N1,182.32770000000002,22.770251666098,91.5750905211087
N1,220,bridge,4.0,A,LRP185,BOKIMTOLA BOX CULVERT,183.296,22.7630626913907,91.5804538821192
N1,221,link,1354.000000000004,0,LRP185-road,road N1,183.29999999999998,22.7630626913907,91.5804538821192
N1,222,bridge,12.9,A,LRP186,VARTAKA BOX CULVERT,184.654,22.7535653245121,91.5886004236585
N1,223,link,391.0999999999964,0,LRP186-road,road N1,184.6669,22.7535653245121,91.5886004236585
N1,224,bridge,5.55,B,LRP187,VARTAGIA BOX CULVERT,185.058,22.7506393495689,91.5908840370689
N1,225,link,3286.4500000000016,0,LRP187-road,road N1,185.06355,22.7506393495689,91.5908840370689
N1,226,bridge,3.0,A,LRP190,NIAZAMPUR BOX CULVERT,188.35,22.723316755473,91.6024331404452
N1,227,link,704.9999999999984,0,LRP190-road,road N1,188.35299999999998,22.723316755473,91.6024331404452
N1,228,bridge,8.4,C,LRP191,MIRJAPUR BOX CULVERT,189.058,22.7178243865384,91.6057623307692
N1,229,link,2040.6000000000063,0,LRP191-road,road N1,189.0664,22.7178243865384,91.6057623307692
N1,230,bridge,19.2,A,LRP193,DUKHIN UTHPAR BOX CULVERT,191.107,22.701816503937,91.6149734608923
N1,231,link,1281.7999999999877,0,LRP193-road,road N1,191.1262,22.701816503937,91.6149734608923
N1,232,bridge,4.2,A,LRP194,VANGGARPOL BOX CULVERT,192.408,22.6912517148148,91.6201690574074
N1,233,link,537.8000000000015,0,LRP194-road,road N1,192.41219999999998,22.6912517148148,91.6201690574074
N1,234,bridge,3.2,A,LRP195,BORO KAMALDA BOX CULVERT,192.95,22.6868697647058,91.6220385823529
N1,235,link,1195.8000000000122,0,LRP195-road,road N1,192.95319999999998,22.6868697647058,91.6220385823529
N1,236,bridge,6.0,A,LRP196,TARAT BOX CULVERT,194.149,22.6769772991044,91.6268169453731
N1,237,link,842.9999999999895,0,LRP196-road,road N1,194.155,22.6769772991044,91.6268169453731
N1,238,bridge,3.0,A,LRP197,Tarial Bazar Culvert,194.998,22.6699594391304,91.6293531695652
N1,239,link,1037.0000000000205,0,LRP197-road,road N1,195.00099999999998,22.6699594391304,91.6293531695652
N1,240,bridge,3.0,A,LRP198,SATU DURUAR HAT BOX CULVERT,196.038,22.6615956814814,91.6335257425926
N1,241,link,884.0000000000005,0,LRP198-road,road N1,196.041,22.6615956814814,91.6335257425926
N1,242,bridge,6.7,A,LRP199,RONA SORA CULVERT,196.925,22.6547124294117,91.6379261764705
N1,243,link,2347.299999999985,0,LRP199-road,road N1,196.9317,22.6547124294117,91.6379261764705
N1,244,bridge,3.0,A,LRP201,KACHAI PATH BOX CULVERT,199.279,22.636096590965,91.648209240657
N1,245,link,994.9999999999905,0,LRP201-road,road N1,199.28199999999998,22.636096590965,91.648209240657
N1,246,bridge,4.55,B,LRP202,EGOL PUR BOX CULVERT,200.277,22.6281666352941,91.6527578258312
N1,247,link,636.4500000000196,0,LRP202-road,road N1,200.28154999999998,22.6281666352941,91.6527578258312
N1,248,bridge,3.0,A,LRP203,SITAKUNDA SLAB,200.918,22.6230461711711,91.6554672531531
N1,249,link,1077.9999999999889,0,LRP203-road,road N1,200.921,22.6230461711711,91.6554672531531
N1,250,bridge,4.6,A,LRP204,PURBOMOHADAB PUR SLAB CULVERT(L),201.999,22.6149899686274,91.6602670503268
N1,251,link,431.400000000007,0,LRP204-road,road N1,202.0036,22.6149899686274,91.6602670503268
N1,252,bridge,3.0,A,LRP205,MADICAL MORE CULVERT,202.435,22.6117556741935,91.6625686731182
N1,253,link,1018.9999999999914,0,LRP205-road,road N1,202.438,22.6117556741935,91.6625686731182
N1,254,bridge,5.583333333333333,B,LRP206,DOKHIN MOHADEB PUR BOX CULVERT,203.457,22.6038394411764,91.6673745588235
N1,255,link,1302.4166666666595,0,LRP206-road,road N1,203.46258333333333,22.6038394411764,91.6673745588235
N1,256,bridge,4.5,A,LRP207,HATILOTA BOX CULVERT,204.765,22.5938881803921,91.6738889367647
N1,257,link,845.5000000000227,0,LRP207-road,road N1,204.7695,22.5938881803921,91.6738889367647
N1,258,bridge,12.375,C,LRP208,BAROCONDO BRIDGE,205.615,22.5870350167767,91.6770444686922
N1,259,link,1238.6250000000048,0,LRP208-road,road N1,205.627375,22.5870350167767,91.6770444686922
N1,260,bridge,10.2,A,LRP209,BARO-CUNDHOW BOX CULVERT,206.866,22.5767930229508,91.68162274153
N1,261,link,763.7999999999724,0,LRP209-road,road N1,206.8762,22.5767930229508,91.68162274153
N1,262,bridge,5.233333333333333,A,LRP210,PHPMORE BON CULVERT,207.64,22.5702905930578,91.6840096656198
N1,263,link,1378.7666666666812,0,LRP210-road,road N1,207.64523333333332,22.5702905930578,91.6840096656198
N1,264,bridge,4.1,A,LRP211,OHIDPUR BOX CULVERT,209.024,22.5585210862619,91.687506242492
N1,265,link,485.9000000000091,0,LRP211-road,road N1,209.0281,22.5585210862619,91.687506242492
N1,266,bridge,21.6,B,LRP212,BARSH BARIA BRIDGE,209.514,22.5543319776357,91.6887963149094
N1,267,link,940.3999999999891,0,LRP212-road,road N1,209.53560000000002,22.5543319776357,91.6887963149094
N1,268,bridge,4.1,A,LRP213,SOUTH BALSH KHALI BOX CULVERT,210.476,22.5467727210909,91.6926260603636
N1,269,link,952.8999999999936,0,LRP213-road,road N1,210.4801,22.5467727210909,91.6926260603636
N1,270,bridge,8.2,A,LRP214,SOTTANA MONDIR CULVERT,211.433,22.5390300234693,91.6965452744898
N1,271,link,1041.8000000000113,0,LRP214-road,road N1,211.44119999999998,22.5390300234693,91.6965452744898
N1,272,bridge,9.65,B,LRP215,GULAM JUTE MILE BOX CULVERT,212.483,22.5303678038461,91.7004641228571
N1,273,link,2314.3499999999835,0,LRP215-road,road N1,212.49265,22.5303678038461,91.7004641228571
N1,274,bridge,27.0,C,LRP217,BORO KUMIRA BRIDGE,214.807,22.5113471164122,91.7087907889313
N1,275,link,633.000000000025,0,LRP217-road,road N1,214.83399999999997,22.5113471164122,91.7087907889313
N1,276,bridge,11.05,A,LRP218,ROYL CIMINT GATE CULVETRT,215.467,22.5060220437735,91.7112848218867
N1,277,link,1898.9499999999966,0,LRP218-road,road N1,215.47805000000002,22.5060220437735,91.7112848218867
N1,278,bridge,3.0,B,LRP219,GORA MARI BOX CULVERT,217.377,22.4904405976324,91.7182726733934
N1,279,link,561.9999999999977,0,LRP219-road,road N1,217.38,22.4904405976324,91.7182726733934
N1,280,bridge,14.415,D,LRP220,BARAOWLLA BOX CULVERT,217.942,22.4855480068965,91.7195309517241
N1,281,link,1470.5849999999853,0,LRP220-road,road N1,217.95641500000002,22.4855480068965,91.7195309517241
N1,282,bridge,6.0,A,LRP221,HATIBORI BOX CULVERT,219.427,22.4728530893544,91.7232633541336
N1,283,link,1292.0000000000018,0,LRP221-road,road N1,219.433,22.4728530893544,91.7232633541336
N1,284,bridge,24.32,D,LRP223,Modonhat Bridge,220.725,22.4624386352,91.7285307
N1,285,link,1607.680000000005,0,LRP223-road,road N1,220.74931999999998,22.4624386352,91.7285307
N1,286,bridge,3.0,A,LRP224,KODOM RASUL BOX CULVERT,222.357,22.4488628503871,91.7342823894358
N1,287,link,327.0000000000125,0,LRP224-road,road N1,222.35999999999999,22.4488628503871,91.7342823894358
N1,288,bridge,26.3,C,LRP225,SALAKHARPAD BRIDGE,222.687,22.4460793332411,91.7353674287057
N1,289,link,1029.6999999999832,0,LRP225-road,road N1,222.7133,22.4460793332411,91.7353674287057
N1,290,bridge,21.5,A,LRP226,HASNA BAD BOX CULVERT,223.743,22.4375035216216,91.7386659473513
N1,291,link,1937.5000000000032,0,LRP226-road,road N1,223.7645,22.4375035216216,91.7386659473513
N1,292,bridge,35.1,B,LRP228,DHAMAKHALI BRIDGE,225.702,22.4220415536,91.7480209792
N1,293,link,2291.8999999999983,0,LRP228-road,road N1,225.7371,22.4220415536,91.7480209792
N1,294,bridge,5.0,A,LRP230,VATIARI CULVERT,228.029,22.4030145445,91.75657411625
N1,295,link,763.0000000000007,0,LRP230-road,road N1,228.034,22.4030145445,91.75657411625
N1,296,bridge,10.5,A,LRP231,T. B HOSPITAL GATE BOX CULVERT,228.797,22.3963398830265,91.7582551580777
N1,297,link,1322.4999999999984,0,LRP231-road,road N1,228.8075,22.3963398830265,91.7582551580777
N1,298,bridge,3.0,A,LRP232,PAKKA MATA BOX CULVERT,230.13,22.38524588272,91.76250565776
N1,299,link,787.9999999999968,0,LRP232-road,road N1,230.13299999999998,22.38524588272,91.76250565776
N1,300,bridge,8.3,A,LRP233,GLAXO BOX CULVERT,230.921,22.3797011826666,91.7670476533333
N1,301,link,1036.700000000016,0,LRP233-road,road N1,230.92929999999998,22.3797011826666,91.7670476533333
N1,302,bridge,3.0,A,LRP234,CORNAIL HAT BOX CULVERT,231.966,22.3696841276595,91.7739258709219
N1,303,link,784.9999999999825,0,LRP234-road,road N1,231.969,22.3696841276595,91.7739258709219
N1,304,sink,0.0,0,LRP235,road N1,232.754,22.3696841276595,91.7739258709219
