Iter,veh_driving_time
1,483
1,601
1,482
1,654
1,613
1,551
1,495
1,628
1,692
1,674
1,680
1,708
1,688
1,622
1,571
1,561
1,698
1,630
1,536
1,778
1,680
1,679
1,732
1,753
1,799
1,785
1,610
1,662
1,679
1,657
1,815
1,866
1,665
1,599
1,686
1,570
1,622
1,769
1,855
1,671
1,467
1,565
1,553
1,712
1,834
1,825
1,717
1,557
1,673
1,939
1,770
1,669
1,725
1,618
1,1014
1,919
1,494
1,600
1,721
1,765
1,891
1,954
1,686
1,558
1,598
1,518
1,656
1,461
1,674
1,559
1,987
1,744
1,649
1,827
1,567
1,909
1,574
1,696
1,1062
1,823
1,546
1,772
1,662
1,846
1,1064
1,959
1,753
1,579
1,879
1,860
1,752
1,526
1,573
1,964
1,849
1,724
1,582
1,788
1,735
1,1044
1,670
1,655
1,664
1,548
1,745
1,1088
1,726
1,944
1,907
1,825
1,480
1,704
1,756
1,614
1,604
1,808
1,859
1,686
1,1190
1,971
1,652
1,1083
1,724
1,759
1,546
1,784
1,605
1,706
1,757
1,607
1,1043
1,894
1,663
1,989
1,651
1,1047
1,691
1,547
1,704
1,631
1,771
1,714
1,612
1,559
1,928
1,1059
1,811
1,532
1,779
1,1216
1,1017
1,764
1,839
1,786
1,592
1,829
1,538
1,1020
1,833
1,755
1,751
1,742
1,811
1,678
1,704
1,669
1,634
1,660
1,889
1,626
1,1014
1,695
1,1048
1,465
1,742
1,698
1,824
1,587
1,869
1,825
1,642
1,730
1,781
1,820
1,632
1,528
1,662
1,859
1,739
1,630
1,735
1,609
1,937
1,891
1,645
1,564
1,757
1,824
1,593
1,663
1,681
1,444
1,842
1,568
1,557
1,918
1,788
1,535
1,732
1,563
1,850
1,775
1,708
1,587
1,539
1,649
1,542
1,1028
1,811
1,699
1,593
1,1026
1,759
1,1068
1,581
1,847
1,519
1,767
1,741
1,536
1,939
1,922
1,831
1,569
1,564
1,972
1,857
1,713
1,934
1,914
1,842
1,723
1,829
1,640
1,662
1,1230
1,680
1,1011
1,730
1,908
1,834
1,909
1,620
1,1038
1,990
1,688
1,468
1,799
1,603
1,1099
1,883
1,794
1,620
1,864
1,996
1,770
1,891
1,741
1,837
1,662
1,924
1,795
1,994
1,1167
1,888
1,525
1,608
1,843
1,751
1,706
1,602
1,614
1,648
1,708
1,865
1,675
1,781
1,638
1,699
1,842
1,584
1,548
1,874
1,734
1,592
1,666
1,1249
1,1005
1,835
1,896
1,774
1,1022
1,968
1,838
1,673
1,875
1,653
1,672
1,595
1,537
1,646
1,650
1,951
1,749
1,576
1,610
1,581
1,882
1,737
1,464
1,862
1,846
1,816
1,961
1,595
1,781
1,912
1,881
1,685
1,679
1,888
1,776
1,809
1,791
1,653
1,884
1,654
1,611
1,618
1,1004
1,696
1,985
1,720
1,792
1,817
1,680
1,947
1,834
1,823
1,679
1,606
1,1086
1,831
1,657
1,616
1,754
1,680
1,1012
1,537
1,880
1,747
1,813
1,724
1,967
1,922
1,701
1,902
1,685
1,741
1,476
1,1160
1,864
1,893
1,797
1,582
1,585
1,705
1,665
1,650
1,726
1,849
1,694
1,896
1,643
1,784
1,599
1,1020
1,770
1,1106
1,698
1,744
1,752
1,996
1,967
1,776
1,772
1,684
1,585
1,627
1,700
1,782
1,658
1,804
1,706
1,862
1,807
1,734
1,806
1,760
1,687
1,741
1,847
1,633
1,827
1,722
1,629
1,621
1,974
1,861
1,649
1,584
1,606
1,621
1,727
1,537
1,507
1,1023
1,855
1,740
1,648
1,874
1,876
1,677
1,1067
1,1029
1,609
1,673
1,754
1,1126
1,677
1,776
1,1147
1,663
1,799
1,808
1,656
1,1102
1,627
1,676
1,1042
1,613
1,663
1,814
1,791
1,832
1,820
1,827
1,569
1,816
1,506
1,596
1,607
1,758
1,720
1,910
1,941
1,798
1,713
1,971
1,713
1,844
1,982
1,615
1,682
1,948
1,883
1,730
1,615
1,697
1,525
1,523
1,754
1,558
1,580
1,843
1,771
1,761
1,711
1,1054
1,640
1,545
1,608
1,852
1,668
1,645
1,841
1,560
1,661
1,658
1,789
1,525
1,686
1,797
1,555
1,638
1,987
1,560
1,801
1,501
1,744
1,806
1,762
1,952
1,843
1,816
1,786
1,664
1,668
1,618
1,698
1,653
1,663
1,793
1,704
1,612
1,886
1,995
1,775
1,671
1,618
1,923
1,811
1,782
1,604
1,862
1,688
1,851
1,1020
1,790
1,695
1,777
1,542
1,847
1,760
1,580
1,745
1,575
1,1008
1,706
1,702
1,724
1,1026
1,651
1,745
1,476
1,939
1,835
1,583
1,675
1,1173
1,633
1,831
1,743
1,759
1,934
1,737
1,746
1,519
1,789
1,768
1,518
1,848
1,699
1,671
1,626
1,807
1,702
1,833
1,640
1,585
1,538
1,1043
1,853
1,705
1,693
1,998
1,495
1,677
1,743
1,693
1,955
1,672
1,805
1,544
1,928
1,604
1,905
1,746
1,711
1,706
1,1023
1,622
1,923
1,878
1,877
1,909
1,876
1,985
1,940
1,1121
1,877
1,628
1,673
1,732
1,678
1,640
1,534
1,715
1,750
1,913
1,738
1,667
1,663
1,630
1,796
1,1142
1,878
1,930
1,1070
1,848
1,730
1,858
1,478
1,645
1,852
1,695
1,754
1,972
1,850
1,680
1,832
1,682
1,533
1,546
1,1077
1,926
1,754
1,951
1,624
1,1035
1,804
1,548
1,1012
1,611
1,1282
1,811
1,873
1,763
1,795
1,975
1,855
1,508
1,1062
1,592
1,562
1,768
1,782
1,992
1,466
1,611
1,897
1,627
1,1074
1,593
1,882
1,702
1,595
1,663
1,812
1,776
1,730
1,759
1,881
1,929
1,914
1,799
1,551
1,861
1,656
1,673
1,795
1,979
1,864
1,829
1,746
1,1086
1,593
1,824
1,758
1,489
1,900
1,895
1,956
1,798
1,927
1,742
1,697
1,495
1,923
1,580
1,693
1,601
1,562
1,828
1,698
1,1173
1,729
1,1005
1,655
1,605
1,1031
1,933
1,440
1,679
1,530
1,503
1,974
1,622
1,827
1,773
1,650
1,931
1,832
1,903
1,714
1,746
1,890
1,835
1,785
1,817
1,1094
1,1015
1,596
1,770
1,659
1,878
1,752
1,805
1,550
1,593
1,834
1,583
1,1134
1,682
1,934
1,719
1,1036
1,708
1,643
1,1000
1,847
1,460
1,493
1,971
1,813
1,1012
1,908
1,961
1,939
1,621
1,478
1,809
1,681
1,520
1,733
1,967
1,904
1,654
1,776
1,910
1,659
1,676
1,666
1,760
1,789
1,919
1,543
1,809
1,914
1,688
1,889
1,566
1,687
1,860
1,940
1,912
1,620
1,889
1,690
1,693
1,812
1,832
1,767
1,918
1,679
1,835
1,871
1,633
1,954
1,647
1,631
1,557
1,663
1,841
1,766
1,761
1,527
1,486
1,1003
1,578
1,790
1,774
1,600
1,708
1,768
1,661
1,628
1,890
1,1062
1,867
1,1110
1,539
1,902
1,596
1,533
1,675
1,647
1,888
1,738
1,922
1,584
1,792
1,642
1,878
1,770
1,787
1,778
1,854
1,618
1,575
1,808
1,946
1,895
1,766
1,681
1,736
1,1297
1,918
1,427
1,1138
1,589
1,655
1,1085
1,843
1,713
1,684
1,760
1,1126
1,1000
1,790
1,690
1,813
1,584
1,678
1,1001
1,907
1,743
1,602
1,658
1,732
1,680
1,732
1,689
1,915
1,738
1,1007
1,838
1,653
1,977
1,864
1,810
1,610
1,960
1,780
1,786
1,560
1,708
1,625
1,762
1,1065
1,856
1,625
1,863
1,774
1,960
1,950
1,589
1,1036
1,843
1,532
1,707
1,994
1,829
1,667
1,583
1,804
1,821
1,791
1,912
1,939
1,726
1,753
1,852
1,507
1,1126
1,581
1,562
1,692
1,614
1,678
1,658
1,824
1,773
1,750
1,771
1,816
1,696
1,672
1,935
1,985
1,625
1,547
1,878
1,1066
1,793
1,737
1,712
1,733
1,907
1,501
1,882
1,999
1,937
1,529
1,504
1,998
1,733
1,630
1,878
1,819
1,1168
1,928
1,588
1,573
1,601
1,720
1,546
1,548
1,865
1,531
1,679
1,654
1,752
1,666
1,793
1,649
1,874
1,674
1,780
1,754
1,890
1,661
1,777
1,968
1,874
1,962
1,573
1,642
1,683
1,1091
1,649
1,695
1,833
1,896
1,842
1,1019
1,926
1,634
1,1162
1,689
1,689
1,879
1,902
1,794
1,866
1,612
1,808
1,729
1,699
1,685
1,1055
1,697
1,933
1,627
1,574
1,882
1,782
1,695
1,1286
1,893
1,611
1,654
1,688
1,685
1,603
1,886
1,866
1,814
1,639
1,855
1,1118
1,799
1,809
1,821
1,721
1,789
1,673
1,789
1,829
1,817
1,712
1,758
1,827
1,786
1,910
1,813
1,593
1,769
1,674
1,644
1,831
1,978
1,492
1,1012
1,755
1,600
1,918
1,909
1,638
1,873
1,859
1,1160
1,682
1,798
1,699
1,676
1,653
1,837
1,999
1,540
1,806
1,798
1,812
1,789
1,888
1,635
1,877
1,1225
1,726
1,865
1,752
1,691
1,497
1,933
1,828
1,682
1,698
1,682
1,872
1,775
1,827
1,702
1,869
1,586
1,894
1,787
1,888
1,784
1,619
1,718
1,641
1,894
1,894
1,717
1,593
1,975
1,691
1,666
1,833
1,598
1,808
1,724
1,698
1,720
1,726
1,783
1,840
1,568
1,806
1,661
1,865
1,837
1,534
1,1010
1,728
1,649
1,912
1,968
1,623
1,846
1,823
1,639
1,752
1,963
1,743
1,533
1,755
1,1098
1,769
1,616
1,483
1,565
1,877
1,863
1,876
1,711
1,739
1,781
1,1052
1,696
1,761
1,660
1,926
1,540
1,847
1,778
1,1078
1,857
1,659
1,652
1,819
1,514
1,702
1,743
1,615
1,735
1,639
1,1115
1,593
1,665
1,828
1,771
1,482
1,800
1,856
1,643
1,584
1,670
1,942
1,847
1,688
1,576
1,591
1,787
1,884
1,1087
1,620
1,776
1,948
1,1089
1,715
1,577
1,761
1,1077
1,1043
1,548
1,768
1,938
1,570
1,714
1,754
1,619
1,935
1,874
1,784
1,573
1,669
1,1106
1,611
1,962
1,788
1,701
1,1058
1,838
1,758
1,690
1,530
1,596
1,738
1,844
1,690
1,476
1,807
1,657
1,934
1,752
1,779
1,724
1,776
1,620
1,698
1,1024
1,563
1,913
1,543
1,884
1,709
1,856
1,912
1,565
1,546
1,1050
1,1180
1,735
1,676
1,712
1,750
1,575
1,1198
1,719
1,1112
1,800
1,656
1,984
1,857
1,1064
1,852
1,744
1,836
1,959
1,579
1,680
1,639
1,769
1,704
1,667
1,966
1,535
1,596
1,838
1,693
1,643
1,1184
1,590
1,686
1,527
1,665
1,861
1,1219
1,697
1,622
1,670
1,852
1,594
1,771
1,933
1,828
1,611
1,1039
1,800
1,670
1,912
1,528
2,549
2,482
2,613
2,626
2,574
2,622
2,674
2,595
2,720
2,620
2,667
2,742
2,539
2,629
2,620
2,615
2,658
2,771
2,756
2,740
2,628
2,647
2,643
2,751
2,601
2,868
2,765
2,863
2,488
2,938
2,883
2,953
2,683
2,770
2,696
2,913
2,604
2,791
2,949
2,634
2,688
2,560
2,732
2,897
2,597
2,833
2,588
2,955
2,665
2,541
2,742
2,880
2,937
2,679
2,797
2,711
2,773
2,567
2,688
2,935
2,959
2,915
2,597
2,782
2,714
2,981
2,463
2,705
2,930
2,956
2,907
2,718
2,596
2,649
2,646
2,1142
2,892
2,1032
2,695
2,614
2,639
2,612
2,1027
2,642
2,908
2,678
2,845
2,481
2,893
2,627
2,867
2,1045
2,666
2,707
2,795
2,822
2,895
2,970
2,823
2,983
2,960
2,873
2,512
2,888
2,914
2,539
2,1121
2,728
2,787
2,687
2,723
2,586
2,712
2,710
2,880
2,855
2,1313
2,575
2,536
2,585
2,896
2,710
2,876
2,1032
2,994
2,758
2,673
2,682
2,887
2,812
2,994
2,912
2,731
2,1207
2,731
2,797
2,614
2,1035
2,784
2,911
2,1190
2,877
2,911
2,788
2,613
2,994
2,810
2,902
2,680
2,838
2,633
2,761
2,692
2,1174
2,608
2,649
2,884
2,655
2,716
2,820
2,762
2,729
2,849
2,694
2,1010
2,940
2,773
2,566
2,950
2,677
2,482
2,1163
2,618
2,934
2,468
2,804
2,868
2,761
2,832
2,772
2,642
2,928
2,597
2,710
2,950
2,719
2,554
2,869
2,701
2,793
2,476
2,844
2,787
2,1043
2,744
2,630
2,588
2,822
2,945
2,712
2,509
2,875
2,649
2,757
2,999
2,792
2,772
2,722
2,821
2,759
2,1025
2,818
2,691
2,1168
2,725
2,538
2,727
2,579
2,957
2,910
2,764
2,856
2,831
2,659
2,1105
2,600
2,841
2,688
2,597
2,778
2,629
2,685
2,696
2,835
2,798
2,884
2,686
2,847
2,797
2,773
2,577
2,689
2,630
2,1025
2,802
2,1065
2,631
2,757
2,723
2,1082
2,957
2,827
2,973
2,844
2,876
2,993
2,804
2,610
2,832
2,747
2,670
2,721
2,797
2,671
2,697
2,571
2,812
2,669
2,617
2,616
2,777
2,612
2,665
2,718
2,964
2,996
2,767
2,883
2,1027
2,956
2,826
2,633
2,892
2,812
2,745
2,461
2,1028
2,566
2,897
2,878
2,675
2,861
2,898
2,1111
2,1117
2,533
2,600
2,810
2,706
2,832
2,857
2,847
2,616
2,783
2,686
2,626
2,942
2,624
2,800
2,699
2,616
2,869
2,945
2,683
2,747
2,623
2,471
2,883
2,805
2,393
2,667
2,707
2,694
2,932
2,979
2,879
2,564
2,925
2,669
2,851
2,977
2,746
2,888
2,1021
2,551
2,870
2,688
2,1149
2,859
2,976
2,511
2,851
2,646
2,922
2,1016
2,718
2,536
2,959
2,910
2,881
2,661
2,705
2,525
2,718
2,936
2,792
2,718
2,1230
2,682
2,1006
2,785
2,932
2,560
2,906
2,941
2,599
2,1030
2,760
2,714
2,901
2,962
2,876
2,818
2,762
2,852
2,640
2,923
2,836
2,616
2,876
2,648
2,1030
2,741
2,1071
2,688
2,874
2,701
2,790
2,944
2,985
2,947
2,1213
2,881
2,797
2,751
2,963
2,857
2,470
2,741
2,606
2,577
2,847
2,718
2,759
2,1025
2,830
2,754
2,458
2,700
2,751
2,674
2,744
2,975
2,923
2,616
2,615
2,715
2,641
2,634
2,598
2,972
2,559
2,754
2,806
2,818
2,1176
2,741
2,610
2,878
2,1050
2,864
2,760
2,667
2,744
2,980
2,817
2,839
2,724
2,575
2,1075
2,827
2,702
2,522
2,485
2,1012
2,922
2,904
2,1097
2,851
2,1161
2,1107
2,988
2,858
2,626
2,962
2,752
2,667
2,723
2,789
2,1106
2,722
2,811
2,940
2,901
2,707
2,642
2,898
2,598
2,684
2,721
2,949
2,669
2,540
2,906
2,785
2,692
2,774
2,762
2,1212
2,902
2,824
2,557
2,768
2,685
2,772
2,824
2,615
2,823
2,1079
2,1116
2,693
2,588
2,1104
2,772
2,671
2,645
2,733
2,623
2,667
2,836
2,701
2,587
2,793
2,647
2,628
2,760
2,749
2,1062
2,607
2,1024
2,666
2,999
2,771
2,812
2,695
2,866
2,1075
2,1126
2,631
2,868
2,742
2,773
2,711
2,387
2,1137
2,536
2,936
2,966
2,860
2,866
2,561
2,772
2,1088
2,971
2,678
2,1134
2,835
2,1082
2,588
2,744
2,670
2,802
2,487
2,745
2,1062
2,827
2,554
2,729
2,724
2,692
2,815
2,770
2,697
2,628
2,515
2,1032
2,680
2,961
2,678
2,752
2,663
2,869
2,800
2,866
2,726
2,689
2,837
2,712
2,798
2,753
2,703
2,1023
2,1103
2,1006
2,751
2,562
2,669
2,910
2,854
2,885
2,860
2,1146
2,711
2,851
2,566
2,666
2,784
2,1019
2,921
2,801
2,957
2,1016
2,649
2,649
2,570
2,576
2,777
2,718
2,839
2,950
2,902
2,728
2,582
2,861
2,966
2,518
2,739
2,704
2,675
2,817
2,688
2,795
2,1153
2,1117
2,833
2,511
2,719
2,887
2,895
2,663
2,826
2,1205
2,935
2,910
2,727
2,608
2,819
2,648
2,638
2,847
2,687
2,820
2,892
2,978
2,748
2,854
2,725
2,863
2,679
2,964
2,1037
2,468
2,777
2,908
2,823
2,1061
2,887
2,887
2,656
2,1115
2,655
2,738
2,808
2,607
2,618
2,536
2,1032
2,725
2,817
2,767
2,835
2,1113
2,566
2,660
2,764
2,816
2,880
2,679
2,701
2,516
2,939
2,787
2,1023
2,990
2,871
2,852
2,993
2,948
2,467
2,719
2,909
2,824
2,809
2,1005
2,558
2,807
2,971
2,1137
2,882
2,1130
2,925
2,961
2,586
2,735
2,1097
2,694
2,632
2,569
2,1181
2,561
2,907
2,958
2,796
2,853
2,1009
2,955
2,766
2,908
2,848
2,936
2,561
2,789
2,594
2,1123
2,719
2,851
2,810
2,525
2,771
2,716
2,932
2,577
2,863
2,955
2,888
2,811
2,1027
2,873
2,787
2,788
2,1014
2,792
2,818
2,638
2,594
2,981
2,558
2,628
2,957
2,642
2,763
2,715
2,893
2,1036
2,652
2,879
2,683
2,787
2,663
2,744
2,814
2,921
2,997
2,474
2,886
2,870
2,848
2,864
2,784
2,512
2,1033
2,488
2,825
2,638
2,805
2,602
2,859
2,743
2,791
2,607
2,673
2,1036
2,1043
2,908
2,845
2,716
2,968
2,710
2,785
2,902
2,667
2,643
2,724
2,722
2,1072
2,825
2,655
2,639
2,821
2,829
2,584
2,1102
2,638
2,678
2,860
2,720
2,626
2,625
2,751
2,822
2,880
2,936
2,686
2,555
2,1138
2,723
2,879
2,795
2,648
2,919
2,514
2,817
2,1113
2,856
2,634
2,1052
2,562
2,704
2,1036
2,776
2,680
2,832
2,763
2,798
2,765
2,1055
2,1071
2,787
2,559
2,984
2,959
2,613
2,836
2,765
2,570
2,436
2,673
2,667
2,955
2,781
2,828
2,1077
2,998
2,623
2,803
2,766
2,637
2,753
2,958
2,800
2,786
2,762
2,513
2,836
2,896
2,574
2,788
2,764
2,832
2,1136
2,728
2,778
2,1246
2,669
2,1162
2,727
2,610
2,711
2,1180
2,1131
2,754
2,807
2,575
2,828
2,520
2,995
2,602
2,465
2,846
2,705
2,976
2,641
2,987
2,746
2,745
2,705
2,671
2,668
2,571
2,620
2,1041
2,796
2,756
2,706
2,942
2,843
2,823
2,829
2,1071
2,1168
2,786
2,993
2,774
2,915
2,687
2,639
2,713
2,952
2,778
2,1139
2,898
2,1194
2,712
2,783
2,694
2,739
2,582
2,977
2,657
2,1054
2,871
2,938
2,858
2,786
2,731
2,701
2,975
2,684
2,1230
2,597
2,1058
2,1025
2,931
2,1013
2,501
2,773
2,722
2,798
2,690
2,741
2,820
2,635
2,641
2,1157
2,457
2,859
2,644
2,725
2,856
2,781
2,609
2,590
2,802
2,765
2,963
2,942
2,1110
2,770
2,675
2,766
2,781
2,716
2,775
2,922
2,1376
2,865
2,643
2,640
2,829
2,845
2,736
2,836
2,974
2,937
2,782
2,1053
2,659
2,828
2,1076
2,969
2,550
2,717
2,741
2,667
2,839
2,733
2,417
2,568
2,689
2,1081
2,782
2,627
2,678
2,955
2,651
2,1042
2,874
2,794
2,1171
2,742
2,542
2,528
2,447
2,854
2,836
2,909
2,715
2,975
2,895
2,1056
2,798
2,681
2,873
2,783
2,931
2,1020
2,945
2,850
2,626
2,677
2,654
2,782
2,678
2,796
2,736
2,945
2,787
2,578
2,867
2,777
2,828
2,614
2,780
2,760
2,648
2,922
2,578
2,852
2,727
2,1188
2,1058
2,981
2,725
2,781
2,919
2,656
2,958
2,593
2,510
2,821
2,896
2,696
2,730
2,888
2,578
2,759
2,701
2,533
2,622
2,702
2,647
2,856
2,834
2,785
2,766
2,1052
2,950
2,921
2,914
2,731
2,1019
2,973
2,480
2,781
2,766
2,750
2,868
2,966
2,829
2,936
2,732
2,699
2,761
2,833
2,733
2,960
2,609
2,623
2,1091
2,797
2,1039
2,894
2,915
2,880
2,847
2,562
2,1115
2,1013
2,847
2,757
2,717
2,793
2,656
2,997
2,651
2,758
2,756
2,738
2,649
2,825
2,1101
2,1030
2,721
2,835
2,768
2,579
2,806
2,712
2,754
2,974
2,935
2,670
2,851
2,914
2,694
2,851
2,683
2,970
2,935
2,926
2,766
2,1037
2,1027
2,637
2,908
2,662
2,898
2,709
2,730
2,896
2,519
2,780
2,846
2,600
2,747
2,487
2,633
2,775
2,797
2,1112
2,517
2,735
2,631
2,838
2,890
2,581
2,927
2,760
2,622
2,664
2,805
2,600
2,887
2,510
2,1025
2,775
2,752
2,882
2,642
2,557
2,910
2,1107
2,1054
2,750
2,697
2,900
2,1036
2,1162
2,1031
2,894
2,820
2,787
2,703
2,775
2,865
2,839
2,833
2,727
2,951
2,639
2,729
2,672
2,690
2,821
2,938
2,873
2,954
2,909
2,614
2,647
2,795
2,780
2,803
2,773
2,720
2,812
2,905
2,523
2,804
2,644
2,805
2,714
2,551
2,466
2,754
2,830
2,610
2,721
2,1195
2,724
2,810
2,1069
2,877
2,768
2,926
2,673
2,1015
2,775
2,611
2,839
2,1096
2,724
2,579
2,836
2,611
2,667
2,882
2,833
2,478
2,632
2,673
2,1060
2,905
2,576
2,832
2,738
2,615
2,1047
2,873
2,808
2,788
2,880
2,602
2,754
2,1056
2,802
2,710
2,624
2,855
2,637
2,685
2,644
2,960
2,782
2,633
2,1225
2,870
2,939
2,622
2,600
2,639
2,978
2,1224
2,725
2,935
2,703
3,649
3,664
3,619
3,580
3,661
3,624
3,631
3,548
3,533
3,742
3,741
3,791
3,671
3,714
3,758
3,794
3,777
3,639
3,756
3,667
3,728
3,642
3,652
3,791
3,737
3,815
3,789
3,758
3,735
3,884
3,914
3,827
3,692
3,660
3,678
3,885
3,704
3,697
3,803
3,780
3,824
3,792
3,758
3,877
3,822
3,712
3,841
3,641
3,593
3,894
3,701
3,583
3,782
3,1046
3,749
3,826
3,707
3,750
3,813
3,717
3,607
3,712
3,572
3,913
3,614
3,878
3,762
3,828
3,864
3,701
3,560
3,1018
3,735
3,931
3,629
3,1025
3,769
3,715
3,737
3,627
3,670
3,722
3,788
3,693
3,920
3,918
3,782
3,742
3,764
3,999
3,636
3,918
3,1034
3,714
3,838
3,659
3,937
3,814
3,654
3,876
3,927
3,973
3,633
3,755
3,941
3,914
3,899
3,842
3,822
3,647
3,874
3,982
3,942
3,527
3,493
3,1010
3,685
3,506
3,836
3,862
3,700
3,629
3,792
3,848
3,676
3,864
3,839
3,686
3,828
3,1069
3,647
3,557
3,721
3,713
3,943
3,881
3,685
3,660
3,873
3,875
3,675
3,731
3,647
3,833
3,957
3,683
3,845
3,836
3,862
3,954
3,755
3,634
3,875
3,815
3,794
3,870
3,736
3,781
3,819
3,554
3,636
3,897
3,964
3,864
3,715
3,722
3,739
3,601
3,816
3,677
3,793
3,1024
3,1035
3,731
3,566
3,696
3,983
3,780
3,717
3,747
3,890
3,1032
3,707
3,457
3,854
3,706
3,702
3,634
3,711
3,728
3,679
3,961
3,658
3,823
3,755
3,994
3,881
3,740
3,648
3,1060
3,785
3,1084
3,924
3,846
3,680
3,1173
3,788
3,735
3,933
3,622
3,707
3,798
3,636
3,546
3,815
3,998
3,1004
3,779
3,713
3,803
3,765
3,827
3,569
3,730
3,712
3,974
3,801
3,772
3,793
3,663
3,683
3,639
3,1103
3,794
3,827
3,878
3,920
3,731
3,656
3,638
3,791
3,703
3,1064
3,738
3,633
3,511
3,689
3,711
3,534
3,586
3,577
3,998
3,808
3,528
3,1126
3,881
3,946
3,633
3,1084
3,889
3,874
3,641
3,782
3,847
3,664
3,867
3,614
3,742
3,951
3,871
3,717
3,679
3,529
3,525
3,932
3,647
3,855
3,739
3,812
3,708
3,1000
3,805
3,891
3,723
3,1228
3,729
3,895
3,673
3,1019
3,869
3,661
3,763
3,833
3,463
3,1218
3,738
3,628
3,623
3,589
3,1004
3,739
3,620
3,750
3,740
3,844
3,659
3,731
3,947
3,803
3,440
3,636
3,703
3,785
3,1037
3,573
3,817
3,779
3,601
3,942
3,621
3,743
3,721
3,771
3,706
3,868
3,787
3,658
3,822
3,716
3,985
3,614
3,991
3,935
3,768
3,1108
3,801
3,820
3,639
3,806
3,657
3,1050
3,724
3,741
3,681
3,934
3,479
3,607
3,750
3,1112
3,883
3,798
3,1109
3,759
3,753
3,822
3,591
3,717
3,661
3,685
3,742
3,663
3,833
3,667
3,578
3,645
3,656
3,703
3,795
3,631
3,682
3,873
3,977
3,678
3,945
3,583
3,766
3,782
3,829
3,851
3,576
3,871
3,939
3,678
3,748
3,614
3,687
3,946
3,746
3,879
3,955
3,1056
3,748
3,903
3,903
3,597
3,943
3,620
3,766
3,846
3,724
3,903
3,751
3,625
3,569
3,920
3,606
3,725
3,794
3,721
3,882
3,910
3,590
3,568
3,766
3,731
3,1004
3,910
3,958
3,584
3,893
3,679
3,724
3,625
3,776
3,873
3,833
3,764
3,1068
3,844
3,652
3,690
3,667
3,693
3,973
3,893
3,631
3,758
3,718
3,785
3,849
3,651
3,828
3,818
3,618
3,989
3,604
3,549
3,966
3,840
3,991
3,745
3,992
3,895
3,720
3,718
3,799
3,779
3,645
3,533
3,844
3,887
3,1003
3,593
3,794
3,1103
3,1003
3,1003
3,699
3,585
3,653
3,667
3,765
3,762
3,729
3,725
3,560
3,878
3,748
3,634
3,857
3,980
3,976
3,675
3,515
3,659
3,750
3,584
3,1031
3,661
3,936
3,933
3,799
3,635
3,826
3,925
3,741
3,1124
3,781
3,736
3,858
3,577
3,943
3,919
3,525
3,732
3,828
3,444
3,730
3,923
3,868
3,734
3,1050
3,1002
3,692
3,687
3,979
3,985
3,825
3,685
3,1197
3,955
3,949
3,862
3,888
3,867
3,666
3,798
3,886
3,516
3,839
3,743
3,586
3,624
3,842
3,819
3,785
3,759
3,717
3,718
3,831
3,790
3,861
3,636
3,785
3,704
3,1000
3,758
3,843
3,654
3,581
3,802
3,623
3,947
3,818
3,939
3,462
3,732
3,615
3,836
3,761
3,908
3,815
3,753
3,720
3,631
3,828
3,807
3,800
3,895
3,914
3,807
3,843
3,708
3,694
3,707
3,717
3,735
3,613
3,716
3,617
3,682
3,991
3,692
3,843
3,613
3,699
3,821
3,643
3,466
3,759
3,589
3,660
3,562
3,1128
3,759
3,912
3,920
3,622
3,878
3,808
3,912
3,998
3,879
3,519
3,710
3,709
3,664
3,559
3,649
3,693
3,794
3,618
3,994
3,837
3,812
3,843
3,727
3,617
3,783
3,870
3,795
3,709
3,712
3,1042
3,688
3,710
3,849
3,571
3,851
3,968
3,678
3,769
3,634
3,641
3,793
3,681
3,592
3,1046
3,549
3,742
3,674
3,1197
3,658
3,789
3,865
3,685
3,685
3,794
3,948
3,723
3,987
3,1064
3,840
3,916
3,623
3,503
3,686
3,844
3,588
3,719
3,725
3,622
3,1043
3,815
3,774
3,706
3,925
3,915
3,841
3,996
3,501
3,761
3,759
3,622
3,905
3,1113
3,657
3,706
3,722
3,686
3,717
3,910
3,672
3,793
3,717
3,672
3,854
3,785
3,664
3,804
3,664
3,708
3,732
3,687
3,660
3,651
3,552
3,481
3,688
3,977
3,859
3,675
3,863
3,978
3,834
3,618
3,764
3,589
3,935
3,878
3,727
3,975
3,853
3,810
3,695
3,870
3,755
3,802
3,761
3,759
3,941
3,802
3,583
3,985
3,616
3,749
3,726
3,684
3,655
3,676
3,767
3,757
3,859
3,604
3,635
3,906
3,874
3,760
3,831
3,660
3,689
3,736
3,808
3,559
3,777
3,807
3,597
3,672
3,634
3,820
3,726
3,666
3,771
3,675
3,623
3,934
3,555
3,841
3,806
3,691
3,805
3,951
3,566
3,852
3,786
3,986
3,745
3,953
3,921
3,716
3,781
3,709
3,829
3,739
3,583
3,618
3,770
3,851
3,658
3,773
3,739
3,959
3,830
3,641
3,729
3,816
3,576
3,1088
3,737
3,793
3,926
3,933
3,824
3,752
3,812
3,721
3,995
3,912
3,908
3,841
3,746
3,634
3,696
3,723
3,868
3,819
3,848
3,959
3,689
3,509
3,1140
3,640
3,1045
3,936
3,798
3,628
3,896
3,723
3,748
3,601
3,653
3,790
3,722
3,900
3,857
3,801
3,824
3,970
3,808
3,962
3,737
3,903
3,681
3,707
3,819
3,937
3,632
3,930
3,728
3,861
3,711
3,784
3,689
3,964
3,786
3,828
3,644
3,659
3,943
3,813
3,730
3,749
3,852
3,702
3,943
3,813
3,826
3,540
3,636
3,862
3,642
3,704
3,474
3,979
3,932
3,827
3,606
3,761
3,627
3,536
3,627
3,811
3,565
3,778
3,869
3,948
3,881
3,820
3,735
3,836
3,496
3,662
3,865
3,535
3,566
3,777
3,934
3,1134
3,1065
3,760
3,896
3,756
3,572
3,835
3,677
3,752
3,1074
3,685
3,626
3,668
3,513
3,972
3,635
3,784
3,697
3,1024
3,880
3,861
3,807
3,688
3,939
3,936
3,876
3,1012
3,609
3,785
3,867
3,803
3,736
3,858
3,876
3,642
3,1010
3,695
3,523
3,976
3,654
3,730
3,612
3,562
3,842
3,838
3,617
3,895
3,735
3,693
3,1026
3,561
3,623
3,996
3,798
3,880
3,675
3,872
3,573
3,779
3,526
3,782
3,599
3,639
3,1024
3,788
3,845
3,951
3,1067
3,643
3,653
3,1012
3,780
3,618
3,769
3,717
3,570
3,799
3,835
3,799
3,870
3,621
3,797
3,708
3,667
3,1015
3,554
3,845
3,663
3,1021
3,739
3,827
3,613
3,603
3,701
3,561
3,778
3,864
3,569
3,694
3,687
3,559
3,730
3,938
3,598
3,802
3,890
3,391
3,724
3,875
3,813
3,929
3,924
3,694
3,613
3,672
3,736
3,713
3,815
3,552
3,746
3,842
3,527
3,770
3,847
3,1068
3,1115
3,764
3,888
3,582
3,656
3,596
3,621
3,792
3,770
3,1012
3,634
3,924
3,734
3,727
3,805
3,856
3,771
3,832
3,943
3,730
3,557
3,762
3,560
3,771
3,711
3,899
3,1116
3,840
3,824
3,968
3,648
3,489
3,981
3,858
3,613
3,857
3,963
3,715
3,736
3,772
3,904
3,671
3,832
3,765
3,674
3,680
3,694
3,775
3,762
3,739
3,760
3,665
3,732
3,711
3,909
3,825
3,924
3,766
3,1007
3,876
3,648
3,795
3,828
3,841
3,655
3,747
3,973
3,624
3,711
3,745
3,576
3,855
3,634
3,688
3,635
3,620
3,950
3,653
3,674
3,615
3,740
3,867
3,582
3,741
3,706
3,721
3,794
3,845
3,720
3,988
3,834
3,665
3,836
3,852
3,713
3,835
3,854
3,1040
3,716
3,894
3,499
3,522
3,685
3,559
3,779
3,720
3,760
3,735
3,724
3,888
3,631
3,973
3,823
3,776
3,536
3,828
3,632
3,679
3,850
3,519
3,654
3,882
3,750
3,969
3,787
3,786
3,666
3,647
3,793
3,779
3,677
3,641
3,995
3,700
3,525
3,816
3,680
3,882
3,688
3,631
3,721
3,895
3,879
3,940
3,702
3,673
3,949
3,850
3,485
3,636
3,719
3,896
3,830
3,798
3,630
3,693
3,930
3,670
3,601
3,735
3,901
3,669
3,891
3,882
3,760
3,875
3,597
3,663
3,839
3,937
3,567
3,555
3,1013
3,933
3,699
3,779
3,656
3,671
3,457
3,927
3,984
3,622
3,798
3,845
3,645
3,742
3,888
3,561
3,1049
3,789
3,857
3,748
3,641
3,791
3,698
3,774
3,832
3,728
3,694
3,826
3,748
3,646
3,665
3,715
3,806
3,657
3,979
3,909
3,827
3,930
3,823
3,818
3,733
3,1109
3,807
3,772
3,715
3,609
3,702
3,755
3,559
3,767
3,702
3,938
3,705
3,647
3,836
3,745
3,693
3,619
3,837
3,950
3,1084
3,1090
3,886
3,843
3,717
3,872
3,723
3,721
3,682
3,1074
3,696
3,872
3,763
3,621
3,596
3,713
3,523
3,542
3,857
3,649
3,608
3,881
3,636
3,748
3,559
3,604
3,1023
3,882
3,878
3,743
3,820
3,757
3,850
3,660
3,560
3,700
3,543
3,642
3,889
3,717
3,959
3,776
3,727
3,905
3,709
3,537
4,566
4,593
4,623
4,557
4,617
4,590
4,606
4,556
4,686
4,622
4,666
4,542
4,711
4,621
4,600
4,528
4,455
4,625
4,689
4,684
4,611
4,714
4,753
4,704
4,793
4,683
4,798
4,703
4,564
4,670
4,610
4,694
4,851
4,852
4,710
4,605
4,762
4,628
4,573
4,782
4,642
4,504
4,586
4,607
4,740
4,672
4,617
4,921
4,574
4,862
4,625
4,614
4,724
4,709
4,495
4,562
4,704
4,840
4,947
4,597
4,644
4,810
4,954
4,634
4,650
4,688
4,797
4,864
4,586
4,594
4,679
4,674
4,524
4,765
4,627
4,858
4,666
4,879
4,635
4,684
4,985
4,887
4,679
4,700
4,525
4,850
4,655
4,650
4,528
4,545
4,902
4,1000
4,670
4,623
4,756
4,1007
4,617
4,692
4,1004
4,691
4,887
4,584
4,1174
4,773
4,545
4,684
4,942
4,982
4,859
4,792
4,772
4,654
4,935
4,748
4,740
4,681
4,694
4,542
4,913
4,833
4,562
4,666
4,718
4,626
4,782
4,737
4,617
4,638
4,691
4,1008
4,598
4,515
4,796
4,676
4,880
4,731
4,650
4,637
4,794
4,615
4,835
4,665
4,940
4,606
4,1201
4,690
4,460
4,645
4,941
4,597
4,616
4,590
4,680
4,592
4,760
4,1060
4,870
4,555
4,974
4,815
4,680
4,689
4,841
4,611
4,567
4,616
4,1092
4,620
4,591
4,499
4,737
4,759
4,915
4,510
4,837
4,1020
4,670
4,801
4,930
4,812
4,987
4,898
4,746
4,795
4,534
4,716
4,1009
4,808
4,918
4,870
4,490
4,833
4,572
4,649
4,720
4,801
4,579
4,590
4,916
4,728
4,804
4,790
4,884
4,865
4,862
4,651
4,742
4,691
4,506
4,738
4,772
4,662
4,1075
4,1005
4,771
4,573
4,726
4,701
4,720
4,808
4,646
4,868
4,801
4,955
4,797
4,953
4,714
4,770
4,699
4,643
4,519
4,972
4,621
4,830
4,795
4,586
4,945
4,911
4,929
4,714
4,983
4,719
4,461
4,588
4,766
4,923
4,579
4,785
4,624
4,910
4,721
4,922
4,845
4,585
4,582
4,679
4,785
4,501
4,848
4,631
4,654
4,588
4,550
4,585
4,884
4,609
4,540
4,808
4,766
4,546
4,881
4,912
4,652
4,788
4,687
4,1106
4,898
4,813
4,703
4,896
4,869
4,838
4,856
4,774
4,822
4,808
4,656
4,985
4,829
4,715
4,851
4,897
4,545
4,582
4,924
4,733
4,894
4,600
4,801
4,985
4,667
4,519
4,737
4,786
4,753
4,659
4,694
4,652
4,624
4,633
4,696
4,742
4,813
4,668
4,787
4,623
4,714
4,634
4,494
4,655
4,724
4,755
4,554
4,907
4,984
4,678
4,620
4,584
4,835
4,491
4,591
4,993
4,1009
4,648
4,680
4,849
4,900
4,830
4,700
4,628
4,807
4,663
4,807
4,832
4,999
4,904
4,1140
4,786
4,584
4,615
4,797
4,752
4,711
4,658
4,629
4,680
4,567
4,831
4,647
4,686
4,564
4,792
4,908
4,864
4,541
4,734
4,955
4,662
4,627
4,803
4,756
4,679
4,531
4,814
4,742
4,668
4,799
4,574
4,891
4,929
4,548
4,614
4,876
4,1092
4,730
4,652
4,710
4,675
4,706
4,562
4,744
4,600
4,567
4,646
4,746
4,959
4,835
4,713
4,613
4,915
4,1021
4,566
4,1019
4,884
4,619
4,851
4,761
4,482
4,782
4,918
4,841
4,888
4,584
4,578
4,639
4,675
4,846
4,802
4,754
4,706
4,678
4,882
4,636
4,762
4,845
4,806
4,799
4,788
4,686
4,728
4,683
4,608
4,885
4,751
4,636
4,842
4,609
4,770
4,1092
4,903
4,904
4,730
4,577
4,647
4,517
4,839
4,810
4,733
4,545
4,460
4,810
4,577
4,1067
4,802
4,712
4,742
4,539
4,762
4,620
4,485
4,524
4,752
4,775
4,611
4,549
4,711
4,721
4,978
4,756
4,760
4,939
4,717
4,736
4,702
4,909
4,719
4,871
4,676
4,840
4,666
4,703
4,726
4,768
4,800
4,623
4,1158
4,530
4,932
4,835
4,601
4,576
4,705
4,662
4,684
4,837
4,929
4,763
4,787
4,764
4,680
4,720
4,938
4,801
4,580
4,690
4,713
4,670
4,787
4,1069
4,546
4,689
4,717
4,630
4,657
4,599
4,954
4,731
4,1005
4,779
4,771
4,703
4,563
4,489
4,823
4,751
4,594
4,890
4,711
4,642
4,779
4,571
4,661
4,1010
4,947
4,625
4,666
4,758
4,1176
4,570
4,868
4,748
4,726
4,681
4,663
4,756
4,1108
4,960
4,714
4,644
4,840
4,571
4,484
4,813
4,611
4,726
4,857
4,527
4,688
4,612
4,587
4,804
4,845
4,941
4,701
4,776
4,833
4,766
4,703
4,943
4,1021
4,795
4,718
4,580
4,601
4,707
4,945
4,791
4,591
4,658
4,746
4,756
4,976
4,726
4,553
4,985
4,772
4,729
4,872
4,755
4,670
4,653
4,1161
4,616
4,988
4,1110
4,913
4,906
4,932
4,894
4,802
4,555
4,534
4,721
4,569
4,878
4,767
4,699
4,735
4,490
4,800
4,756
4,662
4,692
4,888
4,854
4,500
4,623
4,699
4,944
4,846
4,684
4,773
4,728
4,605
4,783
4,518
4,575
4,883
4,720
4,736
4,859
4,759
4,726
4,686
4,649
4,776
4,519
4,735
4,684
4,649
4,696
4,620
4,766
4,722
4,877
4,983
4,576
4,541
4,953
4,704
4,637
4,686
4,627
4,444
4,483
4,875
4,685
4,731
4,913
4,823
4,839
4,751
4,1062
4,682
4,542
4,517
4,920
4,670
4,526
4,1145
4,930
4,822
4,608
4,663
4,656
4,813
4,529
4,865
4,520
4,804
4,717
4,758
4,670
4,840
4,689
4,716
4,706
4,486
4,822
4,794
4,590
4,836
4,427
4,764
4,638
4,730
4,577
4,621
4,760
4,701
4,748
4,690
4,555
4,715
4,536
4,592
4,711
4,581
4,684
4,904
4,682
4,461
4,749
4,667
4,840
4,825
4,808
4,658
4,652
4,940
4,577
4,639
4,560
4,683
4,813
4,745
4,957
4,783
4,1174
4,426
4,762
4,712
4,960
4,793
4,938
4,718
4,640
4,587
4,731
4,536
4,797
4,707
4,916
4,591
4,575
4,781
4,640
4,749
4,717
4,712
4,823
4,745
4,701
4,723
4,642
4,576
4,600
4,532
4,629
4,580
4,697
4,663
4,663
4,680
4,517
4,1023
4,1081
4,844
4,486
4,787
4,861
4,400
4,796
4,841
4,726
4,622
4,558
4,784
4,453
4,600
4,857
4,783
4,750
4,770
4,749
4,766
4,697
4,798
4,683
4,560
4,931
4,773
4,600
4,774
4,928
4,735
4,713
4,815
4,683
4,648
4,734
4,868
4,789
4,670
4,625
4,644
4,716
4,735
4,711
4,547
4,633
4,589
4,595
4,732
4,489
4,794
4,694
4,836
4,573
4,670
4,440
4,1058
4,677
4,900
4,844
4,994
4,595
4,901
4,498
4,521
4,790
4,817
4,744
4,548
4,1286
4,1146
4,797
4,1009
4,737
4,692
4,831
4,992
4,958
4,555
4,485
4,897
4,930
4,1022
4,725
4,631
4,748
4,630
4,780
4,996
4,730
4,814
4,724
4,1045
4,722
4,808
4,770
4,558
4,710
4,585
4,796
4,719
4,704
4,904
4,844
4,781
4,647
4,772
4,755
4,719
4,764
4,735
4,890
4,709
4,709
4,637
4,717
4,529
4,586
4,674
4,733
4,890
4,662
4,523
4,677
4,865
4,557
4,803
4,674
4,756
4,669
4,1052
4,588
4,832
4,689
4,732
4,636
4,758
4,655
4,814
4,652
4,724
4,756
4,717
4,737
4,581
4,735
4,848
4,819
4,835
4,572
4,548
4,673
4,594
4,736
4,812
4,769
4,624
4,525
4,1033
4,766
4,701
4,602
4,529
4,726
4,687
4,708
4,822
4,573
4,754
4,665
4,484
4,656
4,970
4,635
4,789
4,586
4,740
4,664
4,834
4,824
4,696
4,602
4,600
4,612
4,542
4,793
4,739
4,936
4,730
4,1066
4,613
4,636
4,822
4,637
4,990
4,599
4,882
4,958
4,883
4,766
4,1017
4,647
4,551
4,782
4,757
4,838
4,583
4,935
4,616
4,530
4,882
4,677
4,482
4,764
4,671
4,818
4,669
4,736
4,762
4,945
4,865
4,583
4,711
4,664
4,911
4,686
4,591
4,693
4,599
4,890
4,1069
4,934
4,722
4,757
4,934
4,616
4,625
4,822
4,652
4,889
4,552
4,503
4,677
4,918
4,725
4,552
4,814
4,885
4,722
4,739
4,905
4,819
4,556
4,503
4,772
4,798
4,685
4,787
4,492
4,839
4,790
4,628
4,777
4,732
4,914
4,590
4,698
4,550
4,801
4,667
4,940
4,1075
4,740
4,725
4,715
4,711
4,709
4,741
4,686
4,983
4,793
4,629
4,775
4,716
4,616
4,805
4,545
4,918
4,749
4,793
4,824
4,932
4,702
4,607
4,621
4,568
4,980
4,706
4,571
4,758
4,728
4,550
4,516
4,524
4,774
4,704
4,547
4,703
4,690
4,585
4,472
4,690
4,485
4,856
4,682
4,695
4,626
4,614
4,874
4,789
4,976
4,814
4,749
4,670
4,599
4,685
4,668
4,862
4,645
4,504
4,952
4,752
4,919
4,751
4,860
4,911
4,783
4,722
4,700
4,530
4,671
4,561
4,828
4,443
4,680
4,712
4,557
4,830
4,721
4,822
4,644
4,814
4,728
4,568
4,927
4,635
4,678
4,763
4,714
4,519
4,998
4,759
4,980
4,618
4,766
4,927
4,565
4,779
4,564
4,653
4,835
4,852
4,874
4,731
4,803
4,805
4,698
4,683
4,634
4,637
4,594
4,462
4,778
4,740
4,595
4,639
4,939
4,720
4,675
4,580
4,565
4,875
4,847
4,703
4,656
4,949
4,1051
4,604
4,892
4,600
4,636
4,941
4,565
4,907
4,811
4,686
4,662
4,1003
4,839
4,791
4,601
4,652
4,715
4,618
4,709
4,895
4,923
4,756
4,643
4,864
4,779
4,859
4,592
4,928
4,746
4,947
4,936
4,563
4,711
4,699
4,747
4,637
4,784
4,849
4,480
4,822
4,580
4,740
4,572
4,518
4,813
4,723
4,886
4,763
4,962
4,1036
4,752
4,586
4,712
4,722
4,762
4,632
4,759
4,710
4,683
4,732
4,717
4,733
4,684
4,1011
4,799
4,1070
4,601
4,765
4,701
4,649
4,500
4,826
4,636
4,860
4,575
4,716
4,635
4,648
4,770
4,833
4,831
4,558
4,903
4,659
4,654
4,812
4,1008
4,659
4,660
4,763
4,693
4,808
4,745
4,626
4,720
4,641
4,897
4,837
4,633
4,749
4,761
4,683
4,548
4,629
4,687
4,620
4,670
4,611
4,898
4,887
4,952
4,864
4,998
4,851
4,875
4,670
4,639
4,660
4,866
4,807
4,990
4,710
4,814
4,986
4,689
4,876
4,801
4,656
4,808
5,528
5,560
5,528
5,633
5,596
5,604
5,643
5,594
5,670
5,661
5,650
5,643
5,704
5,568
5,631
5,531
5,752
5,700
5,533
5,580
5,650
5,579
5,670
5,526
5,788
5,758
5,660
5,756
5,705
5,662
5,597
5,609
5,716
5,574
5,655
5,640
5,722
5,671
5,687
5,626
5,719
5,539
5,740
5,606
5,726
5,695
5,556
5,876
5,476
5,555
5,426
5,731
5,895
5,886
5,707
5,805
5,579
5,579
5,820
5,540
5,665
5,731
5,902
5,682
5,664
5,747
5,688
5,815
5,748
5,984
5,765
5,796
5,713
5,737
5,655
5,530
5,799
5,687
5,572
5,833
5,648
5,809
5,716
5,852
5,675
5,882
5,744
5,940
5,798
5,712
5,834
5,740
5,619
5,771
5,853
5,627
5,542
5,653
5,680
5,611
5,596
5,560
5,788
5,636
5,832
5,984
5,1022
5,773
5,585
5,565
5,732
5,793
5,641
5,793
5,653
5,553
5,484
5,640
5,631
5,951
5,787
5,528
5,747
5,635
5,861
5,811
5,541
5,534
5,653
5,816
5,872
5,679
5,597
5,758
5,863
5,1006
5,763
5,844
5,638
5,672
5,833
5,795
5,791
5,671
5,758
5,620
5,718
5,713
5,556
5,603
5,580
5,719
5,652
5,813
5,868
5,955
5,718
5,899
5,913
5,553
5,702
5,558
5,623
5,583
5,690
5,664
5,543
5,825
5,691
5,600
5,751
5,826
5,754
5,694
5,626
5,644
5,751
5,517
5,618
5,660
5,910
5,544
5,851
5,696
5,686
5,567
5,739
5,699
5,634
5,847
5,604
5,791
5,558
5,882
5,795
5,511
5,774
5,561
5,675
5,954
5,816
5,849
5,559
5,647
5,616
5,783
5,544
5,825
5,549
5,535
5,846
5,573
5,590
5,634
5,618
5,767
5,614
5,554
5,803
5,678
5,514
5,713
5,706
5,551
5,678
5,663
5,800
5,795
5,755
5,791
5,853
5,622
5,928
5,818
5,872
5,629
5,597
5,795
5,757
5,812
5,607
5,574
5,850
5,691
5,732
5,834
5,595
5,708
5,546
5,678
5,960
5,607
5,814
5,752
5,592
5,512
5,664
5,811
5,593
5,916
5,767
5,577
5,506
5,470
5,829
5,851
5,694
5,795
5,591
5,679
5,769
5,838
5,747
5,803
5,679
5,624
5,801
5,674
5,650
5,672
5,630
5,746
5,694
5,850
5,456
5,791
5,506
5,824
5,908
5,939
5,821
5,780
5,599
5,698
5,560
5,439
5,826
5,697
5,850
5,791
5,752
5,683
5,725
5,752
5,619
5,463
5,880
5,726
5,762
5,665
5,692
5,500
5,700
5,807
5,777
5,974
5,696
5,709
5,640
5,910
5,870
5,672
5,866
5,625
5,863
5,693
5,779
5,978
5,984
5,696
5,742
5,646
5,485
5,715
5,545
5,756
5,665
5,636
5,681
5,858
5,643
5,596
5,534
5,1105
5,626
5,391
5,768
5,920
5,872
5,782
5,721
5,706
5,782
5,575
5,773
5,750
5,625
5,948
5,599
5,800
5,670
5,546
5,902
5,632
5,704
5,441
5,721
5,799
5,570
5,851
5,717
5,790
5,703
5,675
5,967
5,559
5,996
5,536
5,830
5,625
5,786
5,652
5,656
5,553
5,677
5,782
5,714
5,721
5,572
5,623
5,575
5,567
5,778
5,775
5,885
5,983
5,681
5,840
5,691
5,772
5,718
5,798
5,701
5,562
5,752
5,951
5,703
5,763
5,655
5,651
5,614
5,795
5,628
5,562
5,607
5,929
5,817
5,543
5,1085
5,707
5,797
5,580
5,1018
5,714
5,748
5,549
5,925
5,580
5,492
5,864
5,813
5,522
5,648
5,827
5,758
5,757
5,634
5,790
5,767
5,737
5,583
5,778
5,841
5,779
5,841
5,634
5,664
5,559
5,469
5,579
5,771
5,749
5,674
5,800
5,701
5,680
5,655
5,645
5,1083
5,740
5,1044
5,728
5,844
5,621
5,642
5,546
5,827
5,850
5,626
5,718
5,696
5,705
5,883
5,525
5,591
5,659
5,484
5,737
5,891
5,579
5,570
5,661
5,1046
5,892
5,885
5,720
5,943
5,744
5,751
5,691
5,777
5,794
5,780
5,658
5,600
5,864
5,565
5,721
5,681
5,740
5,716
5,562
5,683
5,958
5,681
5,668
5,640
5,562
5,767
5,652
5,935
5,764
5,662
5,980
5,581
5,644
5,650
5,744
5,812
5,618
5,787
5,458
5,594
5,667
5,768
5,589
5,682
5,633
5,583
5,925
5,760
5,757
5,703
5,929
5,681
5,470
5,687
5,957
5,680
5,798
5,846
5,716
5,896
5,685
5,485
5,639
5,629
5,600
5,501
5,608
5,531
5,618
5,762
5,813
5,671
5,588
5,573
5,487
5,608
5,539
5,907
5,894
5,839
5,750
5,781
5,693
5,583
5,799
5,676
5,727
5,691
5,529
5,805
5,479
5,681
5,740
5,705
5,931
5,616
5,824
5,780
5,812
5,622
5,903
5,851
5,787
5,671
5,705
5,513
5,636
5,750
5,670
5,478
5,934
5,724
5,699
5,715
5,627
5,452
5,772
5,683
5,623
5,678
5,690
5,545
5,851
5,676
5,853
5,778
5,420
5,912
5,897
5,628
5,592
5,452
5,656
5,543
5,866
5,753
5,862
5,579
5,712
5,643
5,746
5,672
5,658
5,583
5,800
5,600
5,669
5,840
5,734
5,713
5,554
5,784
5,674
5,661
5,773
5,681
5,839
5,720
5,751
5,511
5,1118
5,789
5,622
5,514
5,742
5,928
5,939
5,686
5,571
5,815
5,861
5,741
5,601
5,713
5,508
5,662
5,691
5,631
5,917
5,602
5,737
5,662
5,542
5,643
5,901
5,736
5,542
5,747
5,758
5,958
5,743
5,597
5,538
5,533
5,570
5,710
5,666
5,728
5,653
5,548
5,739
5,720
5,538
5,511
5,912
5,677
5,528
5,644
5,710
5,667
5,881
5,797
5,678
5,741
5,670
5,758
5,651
5,739
5,797
5,585
5,852
5,760
5,600
5,575
5,886
5,748
5,710
5,681
5,596
5,582
5,710
5,669
5,739
5,517
5,580
5,593
5,780
5,510
5,634
5,691
5,910
5,627
5,718
5,1044
5,752
5,954
5,807
5,607
5,666
5,634
5,618
5,716
5,668
5,795
5,573
5,870
5,770
5,765
5,560
5,691
5,860
5,672
5,982
5,456
5,821
5,637
5,721
5,592
5,615
5,659
5,757
5,791
5,649
5,971
5,791
5,829
5,955
5,715
5,716
5,733
5,579
5,757
5,724
5,586
5,920
5,680
5,550
5,561
5,913
5,756
5,779
5,616
5,701
5,518
5,714
5,669
5,641
5,1012
5,663
5,655
5,802
5,792
5,654
5,777
5,608
5,886
5,788
5,740
5,573
5,600
5,728
5,786
5,589
5,814
5,615
5,679
5,675
5,630
5,808
5,808
5,716
5,894
5,1142
5,809
5,699
5,686
5,675
5,856
5,567
5,654
5,852
5,825
5,795
5,660
5,644
5,590
5,733
5,534
5,551
5,643
5,824
5,638
5,799
5,935
5,683
5,675
5,742
5,562
5,605
5,673
5,731
5,665
5,743
5,640
5,531
5,724
5,665
5,686
5,613
5,686
5,596
5,718
5,779
5,770
5,540
5,561
5,927
5,557
5,675
5,711
5,911
5,503
5,604
5,659
5,660
5,584
5,986
5,879
5,731
5,694
5,624
5,796
5,851
5,653
5,731
5,750
5,602
5,690
5,569
5,746
5,692
5,815
5,1056
5,609
5,773
5,855
5,684
5,449
5,660
5,647
5,843
5,687
5,698
5,1045
5,520
5,638
5,810
5,619
5,655
5,561
5,587
5,633
5,734
5,717
5,587
5,996
5,656
5,703
5,701
5,591
5,989
5,654
5,632
5,684
5,825
5,873
5,896
5,759
5,640
5,525
5,480
5,648
5,744
5,776
5,646
5,733
5,774
5,541
5,887
5,651
5,565
5,549
5,718
5,1022
5,610
5,538
5,949
5,742
5,761
5,672
5,624
5,950
5,691
5,671
5,669
5,619
5,602
5,918
5,793
5,599
5,748
5,1002
5,1078
5,464
5,838
5,513
5,670
5,572
5,593
5,520
5,635
5,872
5,715
5,729
5,744
5,775
5,774
5,767
5,543
5,669
5,702
5,1011
5,628
5,578
5,844
5,833
5,970
5,782
5,440
5,893
5,789
5,612
5,561
5,729
5,718
5,620
5,917
5,628
5,964
5,610
5,577
5,727
5,754
5,462
5,549
5,611
5,642
5,750
5,732
5,765
5,723
5,793
5,683
5,845
5,590
5,626
5,572
5,659
5,870
5,1095
5,710
5,690
5,799
5,532
5,892
5,837
5,833
5,660
5,551
5,627
5,610
5,526
5,595
5,819
5,652
5,530
5,646
5,690
5,812
5,709
5,844
5,815
5,995
5,753
5,805
5,816
5,830
5,632
5,705
5,956
5,523
5,675
5,550
5,696
5,593
5,728
5,766
5,641
5,971
5,929
5,794
5,712
5,692
5,774
5,651
5,873
5,670
5,742
5,679
5,667
5,916
5,915
5,478
5,618
5,769
5,650
5,557
5,623
5,564
5,967
5,704
5,792
5,748
5,637
5,896
5,648
5,936
5,756
5,888
5,628
5,643
5,602
5,815
5,696
5,616
5,787
5,785
5,772
5,675
5,739
5,809
5,770
5,921
5,658
5,534
5,693
5,810
5,568
5,657
5,959
5,701
5,599
5,890
5,822
5,692
5,602
5,644
5,635
5,675
5,488
5,799
5,609
5,690
5,680
5,855
5,520
5,823
5,818
5,619
5,756
5,1007
5,907
5,515
5,894
5,609
5,693
5,979
5,707
5,774
5,639
5,870
5,530
5,908
5,629
5,768
5,725
5,788
5,640
5,719
5,616
5,712
5,749
5,536
5,781
5,603
5,707
5,583
5,560
5,625
5,630
5,907
5,962
5,743
5,925
5,718
5,689
5,684
5,616
5,496
5,802
5,762
5,835
5,667
5,588
5,714
5,684
5,673
5,806
5,642
5,796
5,964
5,897
5,752
5,667
5,656
5,644
5,901
5,594
5,559
5,573
5,894
5,718
5,1064
5,759
5,692
5,667
5,624
5,560
5,681
5,963
5,779
5,746
5,673
5,698
5,719
5,680
5,901
5,733
5,588
5,627
5,670
5,622
5,1005
5,659
5,751
5,634
5,667
5,820
5,767
5,642
5,573
5,861
5,905
5,592
5,625
5,797
5,673
5,599
5,1044
5,698
5,472
5,645
5,635
5,913
5,1046
5,512
5,577
5,896
5,663
5,625
5,1082
5,559
5,743
5,846
5,794
5,674
5,851
5,594
5,865
5,575
5,671
5,763
5,778
5,791
5,862
5,632
5,614
5,706
5,769
5,824
5,697
5,745
5,573
5,609
5,892
5,953
5,839
5,705
5,751
5,872
5,793
5,827
5,876
5,767
5,660
5,963
5,860
5,818
5,523
5,610
5,664
5,846
5,676
5,1082
5,830
5,576
5,824
5,587
5,658
5,455
5,696
5,822
5,800
5,706
5,1018
5,742
5,703
5,675
5,774
5,660
5,708
5,818
5,842
5,661
5,502
5,842
5,903
5,728
5,644
6,468
6,561
6,504
6,608
6,680
6,704
6,712
6,578
6,646
6,620
6,741
6,537
6,741
6,607
6,593
6,700
6,773
6,465
6,713
6,837
6,772
6,834
6,854
6,699
6,772
6,717
6,729
6,786
6,714
6,867
6,546
6,894
6,691
6,698
6,724
6,683
6,620
6,612
6,643
6,694
6,558
6,778
6,916
6,837
6,908
6,735
6,696
6,828
6,807
6,593
6,998
6,609
6,749
6,905
6,860
6,813
6,780
6,993
6,911
6,994
6,597
6,676
6,727
6,828
6,1112
6,1044
6,720
6,909
6,700
6,749
6,566
6,976
6,700
6,822
6,947
6,1101
6,931
6,686
6,653
6,505
6,818
6,920
6,735
6,711
6,1100
6,815
6,898
6,879
6,953
6,774
6,527
6,768
6,613
6,583
6,754
6,704
6,926
6,1129
6,951
6,1012
6,992
6,973
6,833
6,844
6,797
6,691
6,694
6,613
6,885
6,902
6,595
6,932
6,787
6,671
6,943
6,735
6,757
6,784
6,754
6,704
6,831
6,742
6,618
6,545
6,688
6,618
6,745
6,941
6,801
6,676
6,652
6,872
6,723
6,709
6,712
6,1074
6,734
6,1075
6,926
6,812
6,978
6,580
6,840
6,750
6,927
6,804
6,938
6,828
6,875
6,921
6,498
6,1047
6,930
6,650
6,657
6,745
6,818
6,665
6,820
6,998
6,750
6,762
6,928
6,633
6,695
6,722
6,833
6,757
6,826
6,594
6,706
6,829
6,838
6,788
6,830
6,800
6,1121
6,878
6,733
6,604
6,681
6,1159
6,764
6,811
6,824
6,765
6,746
6,850
6,872
6,733
6,708
6,934
6,766
6,909
6,760
6,587
6,792
6,812
6,680
6,967
6,734
6,622
6,670
6,591
6,798
6,740
6,1017
6,726
6,689
6,817
6,869
6,810
6,757
6,995
6,705
6,843
6,842
6,865
6,1224
6,751
6,618
6,1012
6,789
6,884
6,725
6,595
6,697
6,875
6,972
6,994
6,895
6,668
6,638
6,684
6,620
6,939
6,715
6,889
6,561
6,578
6,928
6,760
6,952
6,861
6,801
6,1077
6,840
6,1050
6,762
6,827
6,567
6,910
6,804
6,669
6,965
6,885
6,822
6,926
6,741
6,656
6,856
6,983
6,896
6,997
6,748
6,782
6,940
6,643
6,904
6,664
6,839
6,749
6,925
6,861
6,638
6,446
6,692
6,615
6,974
6,808
6,733
6,611
6,871
6,881
6,695
6,863
6,829
6,812
6,532
6,982
6,969
6,794
6,681
6,869
6,1076
6,846
6,813
6,835
6,998
6,741
6,645
6,924
6,732
6,1159
6,1098
6,1137
6,579
6,955
6,612
6,564
6,775
6,1016
6,928
6,720
6,554
6,757
6,744
6,964
6,954
6,761
6,710
6,671
6,645
6,616
6,683
6,874
6,776
6,614
6,739
6,785
6,933
6,945
6,828
6,496
6,654
6,843
6,855
6,1034
6,896
6,827
6,820
6,917
6,584
6,850
6,747
6,768
6,996
6,1041
6,753
6,753
6,1067
6,987
6,851
6,791
6,489
6,708
6,894
6,1060
6,818
6,601
6,664
6,709
6,705
6,975
6,656
6,897
6,768
6,574
6,1027
6,712
6,527
6,755
6,706
6,1081
6,1104
6,596
6,862
6,757
6,714
6,941
6,863
6,765
6,533
6,766
6,666
6,1018
6,898
6,1075
6,890
6,600
6,756
6,725
6,871
6,864
6,1021
6,773
6,425
6,933
6,708
6,764
6,704
6,654
6,552
6,568
6,814
6,856
6,637
6,603
6,598
6,915
6,972
6,907
6,825
6,804
6,937
6,712
6,569
6,986
6,686
6,758
6,754
6,622
6,746
6,885
6,700
6,800
6,881
6,878
6,838
6,832
6,866
6,779
6,948
6,756
6,734
6,789
6,736
6,1013
6,924
6,837
6,1040
6,787
6,821
6,861
6,957
6,915
6,804
6,760
6,545
6,749
6,772
6,747
6,717
6,716
6,747
6,647
6,725
6,771
6,761
6,686
6,802
6,1237
6,927
6,712
6,861
6,887
6,684
6,1133
6,892
6,666
6,663
6,882
6,660
6,1071
6,932
6,755
6,704
6,747
6,691
6,818
6,868
6,643
6,603
6,879
6,842
6,875
6,1013
6,866
6,707
6,980
6,929
6,806
6,1228
6,578
6,1011
6,758
6,711
6,818
6,685
6,682
6,623
6,924
6,711
6,837
6,638
6,832
6,638
6,790
6,892
6,700
6,967
6,952
6,1135
6,700
6,797
6,1056
6,799
6,945
6,733
6,851
6,898
6,997
6,697
6,1006
6,840
6,827
6,900
6,705
6,718
6,749
6,716
6,747
6,900
6,570
6,816
6,714
6,932
6,558
6,714
6,890
6,943
6,809
6,865
6,790
6,1073
6,707
6,734
6,1137
6,647
6,703
6,523
6,846
6,825
6,733
6,731
6,1063
6,645
6,657
6,715
6,894
6,692
6,838
6,1123
6,810
6,726
6,993
6,939
6,804
6,985
6,651
6,971
6,659
6,706
6,694
6,605
6,697
6,923
6,1089
6,995
6,773
6,860
6,916
6,751
6,817
6,707
6,694
6,728
6,850
6,561
6,817
6,954
6,671
6,826
6,628
6,955
6,735
6,684
6,735
6,956
6,990
6,1094
6,926
6,847
6,628
6,1012
6,802
6,544
6,962
6,479
6,657
6,940
6,646
6,655
6,841
6,985
6,727
6,501
6,488
6,840
6,882
6,580
6,661
6,600
6,641
6,1093
6,645
6,791
6,841
6,527
6,771
6,681
6,830
6,872
6,871
6,696
6,513
6,832
6,1051
6,719
6,780
6,976
6,921
6,754
6,962
6,564
6,590
6,866
6,841
6,442
6,659
6,860
6,725
6,789
6,586
6,757
6,936
6,879
6,842
6,647
6,933
6,944
6,670
6,645
6,737
6,662
6,717
6,868
6,627
6,832
6,668
6,951
6,765
6,813
6,1039
6,650
6,766
6,448
6,688
6,910
6,850
6,681
6,676
6,999
6,599
6,981
6,964
6,809
6,840
6,738
6,704
6,778
6,806
6,791
6,726
6,917
6,639
6,638
6,552
6,563
6,774
6,956
6,997
6,715
6,686
6,603
6,969
6,864
6,834
6,584
6,1031
6,688
6,1258
6,709
6,884
6,727
6,792
6,697
6,826
6,841
6,651
6,1094
6,641
6,755
6,1127
6,819
6,921
6,598
6,679
6,496
6,761
6,601
6,641
6,648
6,721
6,678
6,1000
6,792
6,605
6,541
6,588
6,689
6,940
6,879
6,816
6,756
6,965
6,928
6,649
6,880
6,596
6,932
6,775
6,822
6,685
6,615
6,984
6,580
6,663
6,779
6,734
6,978
6,842
6,894
6,608
6,889
6,711
6,451
6,787
6,635
6,966
6,859
6,1069
6,667
6,1110
6,560
6,1001
6,762
6,923
6,509
6,877
6,581
6,673
6,1020
6,861
6,660
6,906
6,596
6,742
6,662
6,866
6,908
6,669
6,562
6,703
6,699
6,762
6,695
6,946
6,763
6,903
6,902
6,939
6,650
6,791
6,706
6,926
6,747
6,689
6,610
6,881
6,878
6,505
6,407
6,1089
6,979
6,678
6,974
6,950
6,796
6,753
6,666
6,1356
6,928
6,728
6,1088
6,721
6,894
6,943
6,820
6,770
6,985
6,776
6,812
6,749
6,727
6,863
6,970
6,1051
6,838
6,958
6,737
6,599
6,716
6,759
6,895
6,1026
6,981
6,737
6,806
6,732
6,569
6,700
6,1121
6,849
6,686
6,677
6,843
6,517
6,685
6,1159
6,1030
6,752
6,865
6,1037
6,768
6,676
6,850
6,779
6,882
6,838
6,877
6,689
6,841
6,598
6,1106
6,1006
6,657
6,823
6,868
6,754
6,987
6,659
6,700
6,499
6,754
6,792
6,791
6,689
6,1075
6,977
6,977
6,1056
6,659
6,613
6,725
6,758
6,626
6,1127
6,709
6,779
6,556
6,820
6,1010
6,756
6,1003
6,823
6,939
6,715
6,983
6,711
6,765
6,878
6,923
6,727
6,1059
6,692
6,788
6,824
6,614
6,939
6,820
6,640
6,629
6,1130
6,1006
6,1025
6,735
6,967
6,1107
6,1037
6,1034
6,840
6,791
6,800
6,728
6,614
6,946
6,693
6,678
6,865
6,578
6,985
6,1001
6,591
6,713
6,850
6,990
6,668
6,784
6,961
6,752
6,761
6,731
6,889
6,1119
6,677
6,659
6,847
6,849
6,881
6,657
6,731
6,725
6,984
6,599
6,1015
6,809
6,913
6,549
6,940
6,695
6,696
6,911
6,834
6,719
6,776
6,982
6,560
6,804
6,852
6,478
6,842
6,735
6,787
6,793
6,635
6,1014
6,761
6,593
6,839
6,687
6,637
6,544
6,630
6,636
6,965
6,685
6,811
6,949
6,625
6,602
6,798
6,780
6,645
6,883
6,990
6,955
6,656
6,788
6,935
6,785
6,761
6,1046
6,641
6,1098
6,935
6,880
6,1128
6,945
6,845
6,798
6,662
6,918
6,614
6,813
6,645
6,702
6,840
6,749
6,815
6,1288
6,796
6,931
6,718
6,779
6,861
6,652
6,599
6,1041
6,854
6,811
6,643
6,975
6,1014
6,962
6,729
6,763
6,965
6,692
6,619
6,797
6,855
6,658
6,689
6,563
6,1012
6,789
6,1066
6,1088
6,713
6,629
6,757
6,866
6,813
6,904
6,842
6,651
6,614
6,784
6,565
6,526
6,737
6,820
6,707
6,839
6,985
6,921
6,860
6,851
6,761
6,1062
6,849
6,909
6,533
6,690
6,752
6,798
6,761
6,840
6,608
6,705
6,575
6,831
6,837
6,935
6,865
6,811
6,715
6,832
6,1206
6,709
6,640
6,954
6,824
6,785
6,741
6,1021
6,471
6,449
6,703
6,695
6,836
6,746
6,670
6,846
6,790
6,744
6,605
6,795
6,714
6,868
6,643
6,614
6,630
6,661
6,785
6,808
6,794
6,576
6,772
6,886
6,702
6,602
6,716
6,642
6,804
6,877
6,844
6,529
6,746
6,947
6,835
6,802
6,817
6,770
6,969
6,632
6,738
6,463
6,753
6,800
6,794
6,644
6,671
6,767
6,874
6,755
6,683
6,776
6,748
6,615
6,731
6,956
6,764
6,843
6,809
6,779
6,879
6,702
6,685
6,892
6,823
6,945
6,916
6,711
6,870
6,933
6,835
6,737
6,664
6,788
6,772
6,1008
6,625
6,648
6,766
6,596
6,794
6,634
6,848
6,688
6,603
6,585
6,790
6,815
6,717
6,577
6,748
6,882
6,865
6,969
6,844
6,726
6,723
6,778
6,633
6,470
6,659
6,698
6,999
6,745
6,911
6,862
6,712
6,769
6,624
6,767
6,714
6,659
6,631
6,652
6,813
6,530
6,865
6,800
6,675
6,738
6,942
6,963
6,677
6,765
6,945
6,725
6,750
6,889
6,967
6,635
6,849
6,839
6,610
6,727
6,627
6,865
6,699
6,989
6,1060
6,761
6,698
6,553
6,589
6,822
6,750
6,824
6,644
6,469
6,892
6,804
6,934
6,997
6,774
6,727
6,878
6,1155
6,843
6,624
6,1045
6,728
6,852
6,546
6,736
6,688
6,783
6,752
6,734
6,781
7,568
7,601
7,646
7,659
7,580
7,651
7,597
7,591
7,637
7,690
7,671
7,569
7,656
7,754
7,568
7,699
7,785
7,660
7,712
7,674
7,654
7,751
7,662
7,821
7,582
7,651
7,595
7,572
7,848
7,603
7,726
7,607
7,674
7,838
7,708
7,582
7,711
7,793
7,688
7,933
7,701
7,714
7,632
7,552
7,805
7,782
7,625
7,855
7,622
7,730
7,687
7,614
7,574
7,791
7,678
7,846
7,895
7,590
7,818
7,676
7,942
7,872
7,775
7,762
7,654
7,1016
7,929
7,814
7,961
7,661
7,642
7,1028
7,480
7,758
7,914
7,723
7,687
7,948
7,619
7,540
7,817
7,759
7,700
7,785
7,886
7,918
7,796
7,742
7,675
7,536
7,663
7,855
7,449
7,677
7,733
7,703
7,699
7,655
7,533
7,809
7,518
7,513
7,764
7,863
7,848
7,792
7,593
7,879
7,940
7,742
7,709
7,682
7,657
7,810
7,718
7,603
7,635
7,757
7,1010
7,760
7,738
7,744
7,716
7,795
7,697
7,751
7,634
7,879
7,619
7,667
7,674
7,623
7,839
7,627
7,666
7,666
7,538
7,775
7,628
7,632
7,623
7,978
7,758
7,970
7,845
7,822
7,934
7,609
7,694
7,594
7,957
7,631
7,807
7,958
7,755
7,812
7,709
7,836
7,671
7,603
7,874
7,699
7,750
7,626
7,640
7,735
7,475
7,776
7,669
7,652
7,907
7,601
7,776
7,992
7,712
7,604
7,679
7,859
7,754
7,1082
7,627
7,923
7,835
7,674
7,539
7,788
7,796
7,703
7,586
7,758
7,541
7,779
7,760
7,588
7,538
7,874
7,818
7,733
7,794
7,626
7,680
7,504
7,609
7,771
7,785
7,590
7,746
7,533
7,809
7,937
7,651
7,616
7,585
7,709
7,659
7,732
7,767
7,522
7,792
7,462
7,950
7,1021
7,757
7,820
7,701
7,835
7,898
7,790
7,624
7,823
7,674
7,882
7,747
7,737
7,709
7,609
7,595
7,729
7,901
7,917
7,683
7,707
7,767
7,569
7,911
7,736
7,621
7,848
7,1047
7,654
7,635
7,550
7,926
7,743
7,635
7,911
7,729
7,663
7,618
7,469
7,906
7,613
7,766
7,737
7,612
7,512
7,798
7,793
7,695
7,570
7,582
7,1059
7,1122
7,787
7,909
7,925
7,713
7,899
7,454
7,713
7,634
7,632
7,608
7,871
7,699
7,600
7,526
7,719
7,603
7,850
7,570
7,684
7,721
7,671
7,859
7,563
7,977
7,898
7,599
7,795
7,883
7,795
7,747
7,687
7,703
7,853
7,764
7,675
7,641
7,556
7,632
7,565
7,972
7,1072
7,504
7,835
7,962
7,942
7,567
7,794
7,747
7,508
7,670
7,735
7,690
7,620
7,941
7,933
7,735
7,747
7,718
7,625
7,483
7,651
7,794
7,845
7,608
7,544
7,647
7,769
7,682
7,587
7,771
7,778
7,758
7,1009
7,781
7,658
7,633
7,886
7,953
7,692
7,547
7,739
7,920
7,755
7,737
7,839
7,773
7,705
7,582
7,876
7,704
7,594
7,601
7,791
7,743
7,691
7,656
7,561
7,747
7,789
7,590
7,727
7,755
7,839
7,721
7,660
7,697
7,663
7,817
7,727
7,734
7,759
7,659
7,884
7,666
7,720
7,881
7,739
7,822
7,543
7,704
7,787
7,602
7,643
7,856
7,526
7,486
7,1052
7,862
7,1026
7,703
7,702
7,638
7,865
7,802
7,498
7,769
7,817
7,671
7,760
7,590
7,596
7,618
7,742
7,888
7,715
7,575
7,862
7,752
7,534
7,797
7,740
7,856
7,732
7,612
7,507
7,594
7,1090
7,751
7,765
7,581
7,859
7,726
7,697
7,828
7,572
7,743
7,729
7,516
7,757
7,706
7,770
7,578
7,808
7,719
7,874
7,643
7,936
7,546
7,945
7,703
7,955
7,987
7,707
7,637
7,1128
7,763
7,876
7,811
7,752
7,833
7,596
7,517
7,806
7,566
7,969
7,733
7,692
7,693
7,625
7,639
7,550
7,722
7,582
7,588
7,647
7,615
7,841
7,642
7,872
7,527
7,749
7,742
7,722
7,666
7,1077
7,597
7,996
7,742
7,724
7,576
7,837
7,998
7,713
7,800
7,750
7,704
7,905
7,790
7,923
7,765
7,711
7,907
7,742
7,976
7,707
7,637
7,839
7,878
7,694
7,726
7,624
7,600
7,607
7,753
7,726
7,561
7,814
7,675
7,656
7,738
7,978
7,710
7,758
7,791
7,654
7,686
7,682
7,771
7,754
7,629
7,589
7,509
7,771
7,1078
7,771
7,634
7,705
7,616
7,687
7,734
7,888
7,588
7,766
7,947
7,619
7,686
7,553
7,865
7,818
7,674
7,865
7,798
7,670
7,778
7,785
7,996
7,697
7,629
7,739
7,553
7,741
7,898
7,966
7,671
7,743
7,839
7,884
7,830
7,710
7,821
7,727
7,801
7,997
7,754
7,865
7,658
7,814
7,686
7,863
7,813
7,1014
7,663
7,603
7,807
7,757
7,497
7,690
7,714
7,742
7,776
7,719
7,906
7,817
7,625
7,774
7,581
7,533
7,704
7,650
7,674
7,652
7,732
7,469
7,800
7,704
7,509
7,736
7,612
7,994
7,846
7,893
7,548
7,826
7,594
7,666
7,643
7,693
7,732
7,693
7,1094
7,794
7,717
7,885
7,865
7,685
7,770
7,609
7,564
7,665
7,857
7,706
7,747
7,753
7,733
7,884
7,744
7,919
7,917
7,826
7,687
7,682
7,809
7,675
7,637
7,876
7,870
7,613
7,767
7,665
7,973
7,575
7,721
7,787
7,662
7,821
7,1062
7,1122
7,652
7,572
7,543
7,532
7,466
7,707
7,943
7,585
7,793
7,699
7,682
7,638
7,536
7,641
7,768
7,689
7,827
7,854
7,889
7,651
7,941
7,793
7,825
7,720
7,936
7,616
7,747
7,823
7,524
7,571
7,743
7,708
7,828
7,726
7,860
7,1117
7,758
7,633
7,677
7,690
7,825
7,520
7,569
7,964
7,607
7,597
7,827
7,625
7,572
7,682
7,865
7,711
7,743
7,993
7,973
7,631
7,544
7,774
7,755
7,831
7,672
7,688
7,648
7,819
7,1138
7,967
7,882
7,820
7,776
7,531
7,518
7,731
7,708
7,720
7,1101
7,560
7,822
7,549
7,725
7,986
7,722
7,827
7,665
7,749
7,877
7,1051
7,610
7,532
7,738
7,645
7,653
7,679
7,590
7,1021
7,713
7,767
7,584
7,806
7,794
7,1011
7,783
7,741
7,670
7,630
7,735
7,746
7,917
7,823
7,784
7,806
7,638
7,1003
7,574
7,701
7,869
7,818
7,747
7,961
7,622
7,577
7,833
7,520
7,756
7,581
7,557
7,654
7,891
7,591
7,617
7,609
7,760
7,1043
7,949
7,779
7,497
7,840
7,665
7,845
7,887
7,600
7,581
7,728
7,747
7,788
7,576
7,971
7,842
7,628
7,809
7,741
7,699
7,800
7,817
7,541
7,1066
7,872
7,797
7,918
7,832
7,677
7,647
7,891
7,741
7,752
7,576
7,704
7,786
7,591
7,727
7,875
7,679
7,684
7,836
7,783
7,649
7,589
7,671
7,665
7,588
7,1009
7,659
7,915
7,710
7,860
7,772
7,541
7,639
7,759
7,727
7,667
7,846
7,691
7,1027
7,657
7,692
7,909
7,990
7,857
7,722
7,917
7,625
7,694
7,756
7,663
7,864
7,630
7,578
7,698
7,518
7,816
7,890
7,791
7,713
7,944
7,893
7,659
7,598
7,844
7,741
7,783
7,805
7,853
7,694
7,566
7,737
7,664
7,1112
7,760
7,690
7,685
7,711
7,843
7,832
7,1024
7,615
7,612
7,701
7,1012
7,603
7,620
7,621
7,814
7,804
7,719
7,806
7,582
7,693
7,884
7,751
7,777
7,871
7,910
7,748
7,952
7,488
7,674
7,556
7,726
7,838
7,1113
7,831
7,803
7,789
7,632
7,664
7,911
7,948
7,774
7,770
7,756
7,620
7,704
7,702
7,666
7,723
7,548
7,764
7,861
7,618
7,959
7,894
7,732
7,662
7,774
7,882
7,677
7,818
7,672
7,732
7,715
7,946
7,641
7,679
7,582
7,626
7,727
7,861
7,588
7,792
7,789
7,1031
7,746
7,696
7,613
7,862
7,930
7,709
7,772
7,658
7,938
7,616
7,888
7,645
7,724
7,897
7,718
7,703
7,771
7,638
7,927
7,722
7,897
7,623
7,619
7,587
7,903
7,996
7,832
7,866
7,712
7,820
7,716
7,771
7,707
7,553
7,528
7,800
7,650
7,672
7,923
7,534
7,597
7,720
7,677
7,698
7,549
7,745
7,615
7,649
7,762
7,990
7,974
7,604
7,859
7,579
7,959
7,796
7,967
7,585
7,936
7,908
7,744
7,780
7,763
7,734
7,780
7,933
7,763
7,555
7,701
7,744
7,571
7,898
7,425
7,649
7,901
7,976
7,828
7,969
7,852
7,788
7,651
7,878
7,764
7,951
7,717
7,792
7,878
7,792
7,854
7,714
7,655
7,696
7,730
7,975
7,865
7,635
7,768
7,672
7,1063
7,574
7,846
7,706
7,835
7,786
7,631
7,611
7,754
7,579
7,1195
7,921
7,1062
7,532
7,985
7,807
7,858
7,656
7,588
7,689
7,860
7,661
7,852
7,812
7,700
7,715
7,796
7,1158
7,684
7,857
7,663
7,674
7,911
7,765
7,843
7,695
7,804
7,816
7,638
7,844
7,775
7,816
7,792
7,680
7,713
7,944
7,874
7,869
7,710
7,584
7,752
7,760
7,826
7,599
7,1151
7,937
7,718
7,672
7,786
7,691
7,850
7,617
7,630
7,783
7,754
7,785
7,731
7,716
7,642
7,993
7,575
7,819
7,855
7,639
7,804
7,750
7,796
7,792
7,632
7,626
7,816
7,726
7,798
7,554
7,668
7,911
7,686
7,474
7,656
7,872
7,850
7,601
7,652
7,786
7,924
7,559
7,695
7,910
7,663
7,805
7,746
7,790
7,696
7,733
7,661
7,546
7,639
7,619
7,514
7,905
7,671
7,698
7,670
7,745
7,846
7,499
7,551
7,768
7,818
7,909
7,566
7,708
7,612
7,779
7,754
7,764
7,940
7,611
7,783
7,608
7,999
7,725
7,917
7,662
7,899
7,952
7,706
7,687
7,725
7,762
7,727
7,788
7,729
7,655
7,580
7,585
7,551
7,664
7,773
7,579
7,829
7,641
7,692
7,682
7,1083
7,997
7,682
7,913
7,838
7,624
7,591
7,537
7,573
7,1081
7,853
7,848
7,731
7,769
7,687
7,639
7,679
7,835
7,815
7,770
7,1054
7,685
7,691
7,657
7,577
7,742
7,655
7,535
7,583
7,774
7,523
7,594
7,577
7,578
7,637
7,908
7,671
7,689
7,724
7,842
7,713
7,578
7,627
7,750
7,786
7,859
7,501
7,739
7,878
7,698
7,742
7,828
7,712
7,925
7,585
7,563
7,627
7,591
7,807
7,836
7,607
7,769
7,719
7,655
7,803
7,691
7,612
7,819
7,903
7,712
7,779
7,754
7,688
7,813
7,645
7,710
7,750
7,615
7,502
8,540
8,620
8,686
8,673
8,559
8,637
8,586
8,550
8,597
8,710
8,596
8,611
8,686
8,713
8,692
8,609
8,690
8,551
8,676
8,811
8,674
8,771
8,804
8,892
8,779
8,860
8,677
8,910
8,646
8,842
8,562
8,596
8,946
8,891
8,641
8,845
8,712
8,489
8,955
8,793
8,626
8,705
8,795
8,756
8,962
8,912
8,736
8,885
8,850
8,861
8,853
8,817
8,947
8,653
8,815
8,625
8,778
8,893
8,849
8,851
8,732
8,499
8,840
8,755
8,781
8,762
8,833
8,646
8,642
8,612
8,716
8,1109
8,807
8,1080
8,856
8,947
8,1115
8,919
8,765
8,695
8,892
8,743
8,940
8,872
8,577
8,497
8,706
8,845
8,762
8,690
8,935
8,869
8,719
8,827
8,819
8,685
8,480
8,670
8,772
8,767
8,654
8,906
8,880
8,908
8,605
8,892
8,864
8,837
8,535
8,659
8,635
8,681
8,604
8,827
8,933
8,695
8,683
8,928
8,1089
8,446
8,788
8,696
8,846
8,939
8,910
8,1011
8,797
8,714
8,695
8,647
8,511
8,790
8,895
8,783
8,1129
8,849
8,910
8,897
8,866
8,634
8,899
8,604
8,656
8,682
8,639
8,1043
8,756
8,907
8,859
8,660
8,639
8,755
8,572
8,670
8,922
8,619
8,734
8,987
8,1043
8,863
8,906
8,834
8,711
8,640
8,966
8,781
8,907
8,866
8,737
8,803
8,693
8,588
8,899
8,837
8,727
8,623
8,606
8,589
8,732
8,1114
8,774
8,817
8,679
8,945
8,801
8,633
8,983
8,606
8,932
8,885
8,944
8,675
8,837
8,869
8,1042
8,648
8,589
8,947
8,728
8,530
8,607
8,863
8,587
8,830
8,825
8,690
8,1066
8,961
8,576
8,536
8,1053
8,695
8,775
8,526
8,693
8,659
8,836
8,830
8,706
8,871
8,845
8,550
8,874
8,689
8,781
8,825
8,806
8,952
8,830
8,791
8,711
8,944
8,760
8,842
8,898
8,783
8,970
8,988
8,693
8,712
8,662
8,980
8,617
8,828
8,761
8,1019
8,674
8,756
8,572
8,774
8,567
8,798
8,849
8,823
8,513
8,614
8,726
8,840
8,454
8,791
8,942
8,737
8,404
8,746
8,543
8,913
8,735
8,630
8,1043
8,879
8,735
8,921
8,1033
8,634
8,730
8,685
8,727
8,562
8,560
8,747
8,699
8,773
8,875
8,778
8,638
8,734
8,697
8,815
8,806
8,827
8,695
8,827
8,1090
8,868
8,943
8,618
8,746
8,720
8,587
8,794
8,595
8,711
8,927
8,840
8,780
8,645
8,1088
8,1019
8,715
8,853
8,982
8,883
8,723
8,720
8,522
8,1012
8,1050
8,796
8,839
8,674
8,1005
8,717
8,630
8,822
8,665
8,854
8,804
8,573
8,722
8,644
8,609
8,775
8,677
8,844
8,676
8,803
8,620
8,687
8,655
8,791
8,511
8,882
8,594
8,589
8,678
8,1045
8,620
8,722
8,826
8,781
8,892
8,615
8,707
8,607
8,756
8,741
8,517
8,1032
8,619
8,884
8,674
8,441
8,866
8,852
8,847
8,839
8,916
8,754
8,915
8,774
8,787
8,742
8,851
8,752
8,833
8,711
8,816
8,877
8,668
8,688
8,704
8,1087
8,807
8,779
8,603
8,825
8,643
8,829
8,712
8,556
8,896
8,753
8,594
8,840
8,810
8,792
8,667
8,726
8,857
8,713
8,624
8,796
8,848
8,605
8,632
8,627
8,780
8,751
8,807
8,545
8,893
8,812
8,612
8,816
8,698
8,596
8,872
8,784
8,1042
8,813
8,930
8,836
8,984
8,677
8,908
8,674
8,536
8,666
8,833
8,748
8,761
8,591
8,699
8,685
8,758
8,573
8,773
8,646
8,913
8,753
8,673
8,565
8,599
8,863
8,901
8,968
8,869
8,496
8,1081
8,975
8,700
8,789
8,814
8,915
8,706
8,772
8,725
8,788
8,800
8,597
8,566
8,720
8,848
8,796
8,745
8,1132
8,600
8,884
8,774
8,716
8,712
8,729
8,847
8,753
8,660
8,702
8,667
8,684
8,461
8,761
8,825
8,1041
8,788
8,720
8,618
8,897
8,658
8,670
8,666
8,883
8,1119
8,1115
8,712
8,821
8,840
8,814
8,649
8,670
8,806
8,1084
8,727
8,671
8,988
8,601
8,856
8,659
8,757
8,682
8,580
8,551
8,800
8,851
8,703
8,847
8,773
8,973
8,745
8,704
8,861
8,718
8,939
8,856
8,817
8,752
8,554
8,739
8,719
8,950
8,698
8,824
8,791
8,1083
8,610
8,701
8,683
8,648
8,676
8,881
8,1142
8,773
8,794
8,544
8,824
8,568
8,669
8,730
8,618
8,670
8,775
8,622
8,684
8,923
8,918
8,1051
8,632
8,662
8,675
8,606
8,872
8,892
8,737
8,713
8,593
8,554
8,888
8,871
8,487
8,798
8,1004
8,709
8,856
8,780
8,642
8,914
8,841
8,664
8,908
8,451
8,542
8,931
8,669
8,680
8,628
8,755
8,620
8,745
8,916
8,646
8,793
8,997
8,866
8,642
8,935
8,774
8,720
8,650
8,936
8,559
8,842
8,717
8,968
8,812
8,614
8,703
8,824
8,692
8,816
8,701
8,521
8,800
8,595
8,647
8,609
8,671
8,686
8,492
8,600
8,786
8,556
8,878
8,641
8,636
8,899
8,769
8,1031
8,1028
8,820
8,732
8,959
8,727
8,925
8,849
8,788
8,612
8,583
8,685
8,600
8,741
8,747
8,788
8,929
8,539
8,638
8,948
8,696
8,888
8,598
8,734
8,544
8,975
8,688
8,553
8,1100
8,794
8,807
8,958
8,744
8,571
8,714
8,892
8,754
8,634
8,585
8,487
8,704
8,1246
8,518
8,708
8,849
8,614
8,846
8,565
8,1006
8,754
8,654
8,983
8,793
8,839
8,776
8,617
8,691
8,755
8,802
8,650
8,942
8,689
8,636
8,570
8,853
8,772
8,594
8,780
8,1093
8,758
8,992
8,622
8,959
8,725
8,691
8,732
8,613
8,1025
8,1087
8,837
8,920
8,673
8,520
8,876
8,773
8,745
8,886
8,637
8,673
8,524
8,742
8,612
8,558
8,852
8,671
8,1006
8,1035
8,541
8,842
8,801
8,1131
8,654
8,906
8,751
8,603
8,706
8,785
8,981
8,780
8,892
8,752
8,716
8,849
8,831
8,1013
8,964
8,775
8,658
8,633
8,619
8,821
8,883
8,1069
8,717
8,629
8,789
8,652
8,894
8,781
8,854
8,800
8,962
8,821
8,849
8,1237
8,780
8,610
8,801
8,1094
8,943
8,624
8,703
8,571
8,527
8,726
8,1005
8,1067
8,822
8,638
8,781
8,670
8,650
8,983
8,749
8,822
8,672
8,773
8,1002
8,667
8,838
8,867
8,667
8,590
8,831
8,552
8,710
8,798
8,663
8,795
8,792
8,657
8,901
8,776
8,655
8,720
8,710
8,840
8,916
8,668
8,702
8,667
8,1016
8,839
8,831
8,858
8,553
8,1038
8,783
8,665
8,682
8,558
8,529
8,830
8,899
8,729
8,918
8,803
8,888
8,713
8,695
8,680
8,1081
8,933
8,789
8,755
8,667
8,665
8,583
8,736
8,695
8,661
8,872
8,1059
8,764
8,656
8,650
8,1277
8,756
8,662
8,1105
8,814
8,741
8,1278
8,748
8,709
8,683
8,846
8,677
8,809
8,582
8,984
8,993
8,579
8,965
8,768
8,698
8,978
8,648
8,914
8,992
8,742
8,599
8,936
8,767
8,695
8,821
8,726
8,901
8,751
8,869
8,725
8,806
8,618
8,528
8,768
8,702
8,994
8,857
8,1010
8,924
8,603
8,992
8,848
8,672
8,662
8,1190
8,716
8,1087
8,948
8,1023
8,938
8,663
8,879
8,737
8,709
8,606
8,482
8,912
8,709
8,885
8,846
8,772
8,726
8,661
8,492
8,825
8,886
8,689
8,898
8,733
8,748
8,689
8,977
8,742
8,729
8,632
8,971
8,848
8,631
8,753
8,883
8,734
8,835
8,595
8,578
8,859
8,773
8,926
8,848
8,991
8,957
8,1044
8,914
8,762
8,764
8,540
8,808
8,879
8,814
8,683
8,1027
8,1156
8,638
8,775
8,828
8,728
8,784
8,906
8,616
8,1045
8,630
8,495
8,760
8,907
8,822
8,578
8,868
8,690
8,828
8,622
8,718
8,820
8,860
8,800
8,833
8,680
8,645
8,763
8,607
8,797
8,523
8,684
8,592
8,872
8,758
8,803
8,824
8,921
8,570
8,1160
8,661
8,796
8,546
8,627
8,678
8,795
8,1233
8,1006
8,911
8,853
8,594
8,684
8,732
8,778
8,1045
8,739
8,833
8,854
8,922
8,1013
8,862
8,823
8,739
8,814
8,627
8,1003
8,546
8,853
8,818
8,808
8,743
8,611
8,818
8,672
8,522
8,774
8,701
8,572
8,992
8,742
8,784
8,691
8,989
8,961
8,829
8,687
8,713
8,823
8,948
8,587
8,684
8,826
8,900
8,802
8,682
8,844
8,731
8,757
8,702
8,909
8,1141
8,819
8,535
8,879
8,859
8,605
8,525
8,842
8,653
8,899
8,686
8,831
8,643
8,714
8,650
8,580
8,734
8,629
8,770
8,717
8,810
8,607
8,773
8,847
8,858
8,673
8,915
8,646
8,759
8,1004
8,677
8,854
8,844
8,724
8,770
8,629
8,780
8,551
8,636
8,617
8,730
8,843
8,833
8,776
8,892
8,659
8,593
8,560
8,993
8,664
8,671
8,939
8,644
8,772
8,717
8,583
8,815
8,852
8,990
8,821
8,628
8,663
8,784
8,654
8,841
8,602
8,823
8,760
8,946
8,550
8,783
8,630
8,744
8,825
8,822
8,634
8,735
8,575
8,540
8,487
8,750
8,1354
8,780
8,635
8,873
8,634
8,708
8,689
8,617
8,828
8,793
8,721
8,593
8,893
8,944
8,547
8,887
8,793
8,997
8,599
8,720
8,816
8,1103
8,768
8,690
8,838
8,559
8,647
8,750
8,964
8,1015
8,626
8,667
8,469
8,652
8,504
8,636
8,994
8,675
8,971
8,846
8,449
8,703
8,644
8,821
8,942
8,758
8,873
8,950
8,854
8,958
8,938
8,777
8,575
8,871
8,958
8,842
8,688
8,505
8,543
8,804
8,526
8,821
8,1073
8,897
8,743
8,805
8,963
8,921
8,891
8,667
8,963
8,1131
8,784
8,755
8,715
8,658
8,777
8,722
8,948
8,1116
8,825
8,696
8,802
8,866
8,982
8,679
8,1031
8,771
8,854
8,804
8,626
8,673
8,876
8,802
8,665
8,811
8,801
8,984
8,962
8,635
8,761
8,783
8,569
8,644
8,751
8,633
8,792
8,889
8,841
8,632
8,651
8,539
8,769
8,642
8,860
8,698
8,920
8,641
8,726
8,813
8,806
8,610
8,777
8,709
8,604
8,1031
8,732
8,637
8,1056
8,609
8,564
8,719
8,826
8,713
8,751
8,742
8,779
8,822
8,934
8,650
8,1101
8,771
8,537
8,684
8,975
8,761
8,877
8,700
8,685
8,911
8,792
8,660
8,671
8,632
8,902
8,680
8,1057
8,804
9,513
9,627
9,575
9,591
9,535
9,521
9,660
9,589
9,677
9,709
9,697
9,591
9,704
9,697
9,588
9,682
9,702
9,735
9,816
9,793
9,777
9,718
9,839
9,777
9,588
9,720
9,901
9,739
9,754
9,622
9,883
9,800
9,651
9,827
9,808
9,950
9,790
9,635
9,709
9,715
9,746
9,620
9,816
9,771
9,797
9,618
9,812
9,705
9,805
9,917
9,707
9,787
9,642
9,995
9,785
9,772
9,899
9,840
9,825
9,685
9,699
9,719
9,647
9,1031
9,783
9,698
9,688
9,953
9,925
9,885
9,499
9,1059
9,748
9,564
9,653
9,781
9,696
9,807
9,653
9,664
9,947
9,693
9,934
9,649
9,629
9,757
9,735
9,777
9,865
9,635
9,652
9,762
9,818
9,597
9,931
9,877
9,918
9,643
9,1085
9,688
9,551
9,1064
9,829
9,965
9,920
9,746
9,838
9,806
9,958
9,744
9,704
9,847
9,709
9,699
9,799
9,756
9,657
9,734
9,615
9,557
9,659
9,835
9,993
9,881
9,581
9,897
9,816
9,638
9,681
9,613
9,629
9,611
9,762
9,646
9,944
9,820
9,733
9,790
9,784
9,779
9,1003
9,708
9,720
9,878
9,649
9,950
9,664
9,1003
9,794
9,817
9,508
9,840
9,1032
9,730
9,644
9,882
9,819
9,910
9,580
9,783
9,755
9,906
9,774
9,700
9,882
9,783
9,792
9,677
9,701
9,760
9,722
9,804
9,702
9,702
9,899
9,702
9,773
9,643
9,920
9,670
9,1021
9,972
9,752
9,837
9,874
9,1080
9,1045
9,593
9,731
9,719
9,714
9,862
9,597
9,579
9,778
9,895
9,675
9,652
9,705
9,683
9,870
9,928
9,888
9,679
9,910
9,866
9,753
9,993
9,730
9,770
9,646
9,739
9,867
9,680
9,802
9,832
9,774
9,837
9,928
9,693
9,984
9,860
9,967
9,477
9,607
9,622
9,964
9,854
9,732
9,874
9,749
9,706
9,1096
9,805
9,743
9,720
9,986
9,627
9,644
9,876
9,575
9,866
9,927
9,842
9,993
9,747
9,772
9,864
9,836
9,804
9,807
9,833
9,797
9,785
9,924
9,620
9,706
9,826
9,706
9,742
9,1108
9,655
9,772
9,808
9,821
9,644
9,983
9,1003
9,863
9,728
9,726
9,823
9,708
9,795
9,717
9,766
9,993
9,675
9,665
9,522
9,712
9,842
9,631
9,866
9,718
9,738
9,984
9,571
9,880
9,778
9,767
9,1047
9,943
9,673
9,920
9,816
9,703
9,633
9,792
9,1008
9,884
9,732
9,1055
9,792
9,984
9,974
9,885
9,580
9,555
9,852
9,901
9,726
9,760
9,697
9,798
9,1064
9,693
9,662
9,845
9,795
9,849
9,845
9,630
9,1001
9,1093
9,643
9,468
9,880
9,795
9,607
9,689
9,851
9,561
9,503
9,819
9,744
9,700
9,899
9,624
9,1035
9,697
9,828
9,759
9,678
9,689
9,815
9,847
9,750
9,813
9,579
9,1045
9,655
9,639
9,710
9,800
9,898
9,578
9,861
9,1019
9,956
9,706
9,898
9,997
9,897
9,755
9,455
9,584
9,839
9,800
9,831
9,732
9,689
9,730
9,661
9,722
9,620
9,617
9,885
9,766
9,659
9,619
9,1028
9,804
9,1056
9,705
9,828
9,858
9,904
9,508
9,501
9,749
9,912
9,1111
9,623
9,689
9,705
9,829
9,960
9,943
9,773
9,734
9,658
9,908
9,879
9,654
9,767
9,666
9,1115
9,878
9,763
9,705
9,719
9,766
9,1018
9,809
9,1031
9,703
9,965
9,634
9,539
9,1123
9,952
9,907
9,730
9,697
9,573
9,932
9,658
9,779
9,913
9,803
9,798
9,701
9,918
9,911
9,671
9,682
9,564
9,760
9,647
9,710
9,863
9,610
9,1002
9,898
9,980
9,580
9,726
9,736
9,627
9,658
9,1099
9,812
9,727
9,991
9,596
9,704
9,886
9,885
9,918
9,936
9,849
9,1026
9,756
9,808
9,720
9,448
9,870
9,633
9,810
9,978
9,808
9,1089
9,799
9,1062
9,713
9,733
9,924
9,757
9,812
9,767
9,626
9,947
9,767
9,713
9,898
9,825
9,764
9,701
9,476
9,762
9,942
9,649
9,1010
9,757
9,984
9,657
9,821
9,609
9,1090
9,1065
9,680
9,679
9,519
9,743
9,926
9,697
9,972
9,906
9,973
9,840
9,840
9,813
9,835
9,550
9,711
9,695
9,854
9,816
9,674
9,659
9,818
9,733
9,704
9,821
9,853
9,948
9,734
9,802
9,763
9,839
9,837
9,919
9,825
9,725
9,757
9,729
9,943
9,1129
9,634
9,951
9,546
9,832
9,667
9,729
9,625
9,869
9,583
9,684
9,600
9,1046
9,1097
9,604
9,771
9,621
9,948
9,684
9,922
9,623
9,1061
9,676
9,794
9,830
9,587
9,806
9,899
9,952
9,836
9,709
9,895
9,1068
9,858
9,1064
9,837
9,1158
9,748
9,849
9,744
9,932
9,961
9,671
9,852
9,678
9,628
9,956
9,861
9,821
9,759
9,596
9,824
9,857
9,562
9,815
9,743
9,754
9,834
9,863
9,527
9,834
9,925
9,789
9,685
9,782
9,679
9,693
9,693
9,534
9,667
9,784
9,767
9,623
9,843
9,504
9,732
9,958
9,800
9,684
9,770
9,712
9,839
9,759
9,773
9,822
9,1023
9,806
9,616
9,687
9,898
9,590
9,674
9,840
9,856
9,745
9,906
9,785
9,691
9,637
9,772
9,685
9,784
9,808
9,849
9,686
9,569
9,811
9,748
9,780
9,790
9,629
9,803
9,826
9,556
9,667
9,793
9,966
9,653
9,1022
9,469
9,518
9,720
9,860
9,741
9,636
9,670
9,633
9,820
9,718
9,725
9,777
9,472
9,693
9,982
9,615
9,624
9,811
9,521
9,515
9,900
9,866
9,746
9,1039
9,635
9,796
9,758
9,672
9,705
9,897
9,926
9,728
9,707
9,849
9,777
9,765
9,682
9,992
9,935
9,901
9,1004
9,690
9,950
9,701
9,753
9,958
9,699
9,827
9,759
9,672
9,798
9,753
9,951
9,1190
9,906
9,683
9,905
9,741
9,952
9,812
9,879
9,745
9,614
9,928
9,738
9,853
9,697
9,921
9,729
9,800
9,699
9,778
9,760
9,685
9,808
9,663
9,531
9,737
9,694
9,661
9,834
9,756
9,725
9,632
9,895
9,555
9,872
9,1082
9,627
9,785
9,685
9,558
9,692
9,928
9,759
9,1186
9,1006
9,795
9,741
9,817
9,774
9,672
9,622
9,883
9,747
9,572
9,542
9,777
9,909
9,664
9,455
9,781
9,741
9,913
9,569
9,883
9,680
9,721
9,733
9,643
9,699
9,815
9,784
9,951
9,912
9,632
9,679
9,676
9,584
9,725
9,718
9,907
9,730
9,787
9,861
9,846
9,893
9,825
9,963
9,860
9,697
9,690
9,798
9,811
9,837
9,536
9,831
9,943
9,1009
9,697
9,743
9,929
9,701
9,776
9,749
9,521
9,840
9,765
9,840
9,841
9,1018
9,720
9,585
9,760
9,855
9,792
9,699
9,730
9,672
9,755
9,861
9,839
9,794
9,529
9,799
9,674
9,767
9,662
9,746
9,708
9,1129
9,690
9,652
9,835
9,820
9,941
9,772
9,1010
9,694
9,1000
9,951
9,782
9,547
9,898
9,742
9,647
9,789
9,599
9,580
9,872
9,743
9,847
9,570
9,649
9,486
9,779
9,705
9,727
9,829
9,870
9,699
9,594
9,920
9,1006
9,1033
9,757
9,781
9,581
9,927
9,556
9,697
9,839
9,760
9,704
9,629
9,1010
9,920
9,984
9,778
9,917
9,848
9,783
9,740
9,700
9,782
9,773
9,669
9,785
9,832
9,892
9,587
9,649
9,558
9,1092
9,703
9,981
9,919
9,365
9,1101
9,617
9,645
9,529
9,962
9,786
9,709
9,726
9,546
9,943
9,600
9,902
9,799
9,626
9,1022
9,898
9,1045
9,730
9,761
9,756
9,708
9,960
9,795
9,693
9,562
9,803
9,688
9,673
9,876
9,913
9,934
9,906
9,977
9,777
9,863
9,759
9,778
9,683
9,735
9,806
9,815
9,933
9,1001
9,750
9,683
9,925
9,701
9,868
9,881
9,902
9,644
9,733
9,699
9,985
9,1032
9,874
9,761
9,736
9,922
9,657
9,800
9,506
9,821
9,611
9,878
9,913
9,915
9,1166
9,639
9,633
9,704
9,710
9,667
9,824
9,800
9,878
9,860
9,818
9,803
9,605
9,684
9,947
9,808
9,922
9,745
9,770
9,802
9,1003
9,951
9,803
9,900
9,625
9,798
9,664
9,780
9,476
9,863
9,918
9,647
9,743
9,733
9,939
9,779
9,780
9,600
9,829
9,950
9,721
9,745
9,724
9,695
9,692
9,959
9,900
9,828
9,899
9,970
9,821
9,867
9,854
9,682
9,652
9,631
9,746
9,716
9,913
9,614
9,857
9,576
9,818
9,813
9,787
9,840
9,866
9,582
9,941
9,898
9,641
9,763
9,711
9,783
9,776
9,848
9,746
9,712
9,823
9,602
9,678
9,658
9,1080
9,873
9,705
9,808
9,862
9,888
9,555
9,737
9,505
9,1182
9,885
9,769
9,743
9,565
9,721
9,804
9,677
9,604
9,752
9,862
9,639
9,656
9,663
9,648
9,735
9,846
9,875
9,894
9,705
9,1099
9,737
9,734
9,811
9,915
9,887
9,657
9,954
9,500
9,771
9,881
9,819
9,835
9,576
9,734
9,657
9,647
9,706
9,868
9,868
9,886
9,675
9,582
9,671
9,790
9,727
9,858
9,970
9,779
9,650
9,665
9,893
9,699
9,607
9,576
9,895
9,837
9,782
9,486
9,677
9,830
9,1192
9,632
9,943
9,893
9,710
9,856
9,701
9,658
9,801
9,723
9,794
9,626
9,801
9,845
9,964
9,944
9,1057
9,1022
9,518
9,674
9,698
9,842
9,774
9,668
9,834
9,791
9,862
9,668
9,758
9,939
9,933
9,628
9,579
9,517
9,648
9,1022
9,678
9,796
9,611
9,637
9,997
9,575
9,856
9,1028
9,680
9,931
9,738
9,846
9,561
9,792
9,676
9,740
9,1064
9,823
9,907
9,645
9,1026
9,664
9,620
9,576
9,776
9,986
9,929
9,774
9,938
9,854
9,820
9,731
9,458
9,912
9,899
9,735
9,1102
9,662
9,740
9,675
9,911
9,804
9,800
9,682
9,995
9,1057
9,960
9,910
9,994
9,810
9,654
9,598
9,795
9,760
9,696
9,765
9,731
9,955
9,742
9,919
9,790
9,830
9,576
9,650
9,448
9,974
9,707
9,725
9,958
9,818
9,766
9,711
9,723
9,906
9,796
9,1076
9,572
9,825
9,675
9,852
9,803
9,768
9,721
9,757
9,705
9,624
9,726
9,753
9,614
9,975
9,519
9,677
9,556
9,890
9,666
9,823
9,818
9,854
9,815
9,746
9,683
9,1038
9,960
9,821
9,814
9,864
9,977
9,757
9,674
9,660
9,942
9,969
9,807
9,754
9,705
9,612
9,988
9,846
9,787
9,658
9,769
10,534
10,596
10,727
10,698
10,675
10,544
10,467
10,627
10,669
10,740
10,701
10,793
10,769
10,683
10,772
10,586
10,844
10,726
10,656
10,564
10,750
10,679
10,832
10,719
10,551
10,747
10,668
10,774
10,727
10,714
10,840
10,862
10,702
10,767
10,894
10,820
10,854
10,701
10,677
10,657
10,748
10,591
10,847
10,573
10,962
10,772
10,668
10,626
10,996
10,906
10,757
10,493
10,916
10,626
10,812
10,773
10,977
10,560
10,761
10,896
10,882
10,828
10,641
10,679
10,763
10,742
10,1074
10,580
10,689
10,742
10,829
10,860
10,570
10,632
10,823
10,806
10,620
10,901
10,666
10,825
10,572
10,846
10,738
10,836
10,858
10,777
10,492
10,941
10,743
10,801
10,831
10,660
10,856
10,618
10,811
10,786
10,1103
10,803
10,897
10,878
10,813
10,759
10,689
10,1110
10,815
10,764
10,784
10,660
10,704
10,773
10,583
10,763
10,734
10,875
10,896
10,703
10,832
10,944
10,849
10,796
10,738
10,671
10,566
10,835
10,710
10,750
10,779
10,872
10,607
10,808
10,628
10,834
10,846
10,724
10,695
10,771
10,895
10,735
10,1029
10,1055
10,692
10,825
10,702
10,892
10,864
10,887
10,520
10,766
10,671
10,830
10,803
10,879
10,1040
10,777
10,437
10,775
10,999
10,895
10,601
10,705
10,818
10,848
10,699
10,842
10,712
10,682
10,833
10,606
10,934
10,594
10,731
10,860
10,841
10,684
10,782
10,695
10,946
10,507
10,855
10,867
10,759
10,710
10,837
10,560
10,912
10,505
10,778
10,625
10,651
10,804
10,571
10,821
10,595
10,541
10,926
10,1047
10,860
10,767
10,811
10,707
10,653
10,885
10,736
10,868
10,967
10,937
10,665
10,625
10,744
10,546
10,742
10,879
10,722
10,492
10,1155
10,648
10,986
10,783
10,959
10,621
10,579
10,911
10,717
10,816
10,686
10,800
10,977
10,626
10,502
10,1049
10,929
10,888
10,506
10,932
10,939
10,584
10,792
10,624
10,741
10,905
10,702
10,751
10,617
10,1118
10,918
10,668
10,821
10,897
10,702
10,754
10,890
10,699
10,577
10,886
10,670
10,661
10,637
10,769
10,996
10,648
10,1012
10,609
10,596
10,541
10,904
10,576
10,760
10,889
10,955
10,840
10,517
10,537
10,567
10,759
10,1103
10,683
10,649
10,676
10,805
10,492
10,735
10,841
10,1041
10,629
10,885
10,916
10,703
10,709
10,800
10,670
10,672
10,958
10,544
10,917
10,541
10,646
10,691
10,746
10,868
10,817
10,794
10,674
10,750
10,632
10,1031
10,634
10,523
10,601
10,690
10,872
10,690
10,790
10,719
10,826
10,988
10,932
10,596
10,676
10,808
10,582
10,769
10,559
10,797
10,475
10,376
10,624
10,851
10,1098
10,547
10,761
10,725
10,958
10,643
10,734
10,731
10,557
10,720
10,769
10,985
10,1091
10,1087
10,807
10,742
10,617
10,806
10,798
10,869
10,964
10,710
10,753
10,596
10,872
10,702
10,502
10,912
10,766
10,962
10,734
10,798
10,713
10,750
10,946
10,878
10,693
10,750
10,858
10,1019
10,696
10,669
10,786
10,572
10,980
10,905
10,825
10,877
10,753
10,720
10,615
10,691
10,916
10,633
10,825
10,838
10,775
10,872
10,918
10,855
10,784
10,645
10,1041
10,766
10,627
10,930
10,1043
10,771
10,716
10,731
10,612
10,758
10,792
10,810
10,659
10,890
10,929
10,715
10,775
10,861
10,545
10,878
10,650
10,833
10,735
10,641
10,777
10,784
10,683
10,616
10,627
10,948
10,647
10,864
10,738
10,683
10,730
10,665
10,925
10,941
10,571
10,908
10,888
10,768
10,809
10,835
10,653
10,744
10,680
10,615
10,515
10,733
10,823
10,645
10,815
10,842
10,724
10,774
10,863
10,641
10,518
10,654
10,728
10,1116
10,883
10,741
10,542
10,563
10,680
10,722
10,804
10,616
10,861
10,823
10,1130
10,863
10,768
10,1008
10,1065
10,612
10,944
10,785
10,827
10,734
10,977
10,752
10,714
10,835
10,866
10,740
10,704
10,523
10,615
10,714
10,788
10,739
10,716
10,855
10,921
10,1016
10,856
10,596
10,559
10,742
10,578
10,810
10,789
10,799
10,742
10,702
10,825
10,896
10,692
10,543
10,540
10,967
10,782
10,771
10,642
10,675
10,930
10,967
10,784
10,786
10,1000
10,701
10,635
10,856
10,625
10,582
10,795
10,675
10,639
10,636
10,979
10,879
10,646
10,725
10,716
10,858
10,828
10,616
10,788
10,748
10,760
10,961
10,646
10,497
10,771
10,908
10,823
10,743
10,741
10,873
10,763
10,968
10,875
10,805
10,967
10,842
10,604
10,1070
10,415
10,538
10,920
10,617
10,971
10,576
10,890
10,1093
10,668
10,693
10,668
10,749
10,669
10,700
10,730
10,834
10,644
10,748
10,764
10,676
10,567
10,534
10,797
10,657
10,833
10,736
10,816
10,736
10,566
10,1024
10,656
10,727
10,641
10,579
10,689
10,782
10,733
10,622
10,943
10,787
10,740
10,595
10,664
10,886
10,1193
10,910
10,977
10,569
10,773
10,577
10,953
10,802
10,733
10,759
10,697
10,738
10,1099
10,719
10,616
10,679
10,594
10,1234
10,648
10,712
10,1068
10,629
10,837
10,817
10,868
10,961
10,866
10,781
10,928
10,835
10,822
10,728
10,906
10,841
10,1028
10,1058
10,694
10,988
10,1038
10,678
10,830
10,1008
10,634
10,599
10,800
10,819
10,779
10,669
10,840
10,853
10,743
10,875
10,732
10,993
10,729
10,923
10,803
10,641
10,737
10,931
10,813
10,680
10,758
10,633
10,1177
10,915
10,871
10,665
10,751
10,813
10,692
10,926
10,819
10,768
10,665
10,779
10,755
10,824
10,780
10,884
10,764
10,635
10,699
10,434
10,627
10,658
10,924
10,591
10,908
10,963
10,604
10,616
10,840
10,804
10,1115
10,725
10,700
10,612
10,590
10,1010
10,676
10,624
10,781
10,957
10,862
10,832
10,629
10,611
10,996
10,582
10,628
10,884
10,844
10,935
10,651
10,859
10,794
10,875
10,931
10,566
10,916
10,618
10,724
10,740
10,805
10,556
10,919
10,1007
10,631
10,734
10,900
10,586
10,733
10,583
10,894
10,828
10,789
10,719
10,709
10,808
10,618
10,1071
10,656
10,856
10,491
10,936
10,780
10,640
10,528
10,921
10,744
10,953
10,839
10,561
10,950
10,1010
10,556
10,732
10,946
10,731
10,692
10,567
10,534
10,808
10,735
10,917
10,674
10,853
10,967
10,693
10,1089
10,644
10,710
10,833
10,718
10,840
10,971
10,873
10,804
10,665
10,628
10,760
10,814
10,976
10,691
10,806
10,739
10,905
10,812
10,787
10,783
10,975
10,657
10,617
10,556
10,780
10,897
10,1146
10,882
10,832
10,652
10,633
10,906
10,739
10,726
10,781
10,730
10,769
10,574
10,590
10,611
10,879
10,954
10,762
10,728
10,831
10,829
10,621
10,743
10,899
10,856
10,776
10,888
10,798
10,588
10,1044
10,860
10,507
10,856
10,687
10,775
10,515
10,902
10,586
10,1013
10,720
10,731
10,662
10,565
10,781
10,775
10,770
10,898
10,678
10,770
10,660
10,746
10,513
10,757
10,710
10,688
10,956
10,852
10,910
10,853
10,735
10,715
10,562
10,878
10,801
10,681
10,693
10,735
10,575
10,718
10,743
10,774
10,662
10,638
10,949
10,844
10,595
10,844
10,747
10,969
10,842
10,770
10,489
10,1005
10,851
10,591
10,1053
10,732
10,1061
10,823
10,725
10,871
10,539
10,834
10,759
10,1010
10,955
10,757
10,815
10,790
10,725
10,707
10,814
10,740
10,814
10,829
10,1114
10,638
10,624
10,790
10,867
10,893
10,684
10,754
10,658
10,543
10,501
10,744
10,879
10,859
10,867
10,623
10,689
10,519
10,668
10,736
10,574
10,765
10,801
10,629
10,696
10,604
10,822
10,784
10,792
10,676
10,864
10,789
10,1150
10,700
10,764
10,509
10,706
10,832
10,511
10,731
10,903
10,807
10,687
10,734
10,954
10,756
10,687
10,676
10,755
10,758
10,623
10,940
10,655
10,716
10,1004
10,514
10,696
10,743
10,714
10,835
10,783
10,654
10,690
10,506
10,663
10,1020
10,572
10,795
10,972
10,772
10,681
10,925
10,732
10,501
10,677
10,672
10,518
10,965
10,798
10,691
10,584
10,809
10,999
10,851
10,714
10,673
10,635
10,957
10,841
10,776
10,509
10,812
10,647
10,979
10,740
10,711
10,802
10,1152
10,794
10,752
10,663
10,744
10,878
10,620
10,793
10,923
10,970
10,1036
10,822
10,866
10,652
10,517
10,774
10,985
10,812
10,733
10,879
10,840
10,602
10,747
10,715
10,743
10,577
10,774
10,940
10,607
10,672
10,785
10,881
10,775
10,801
10,977
10,778
10,761
10,684
10,504
10,550
10,762
10,969
10,569
10,935
10,762
10,839
10,819
10,922
10,1020
10,814
10,804
10,906
10,801
10,632
10,800
10,738
10,480
10,722
10,694
10,537
10,819
10,994
10,643
10,783
10,792
10,630
10,674
10,750
10,1001
10,1011
10,864
10,941
10,749
10,755
10,933
10,849
10,827
10,879
10,874
10,764
10,901
10,797
10,843
10,635
10,671
10,651
10,673
10,834
10,747
10,740
10,702
10,813
10,703
10,686
10,808
10,779
10,647
10,1118
10,561
10,681
10,754
10,911
10,611
10,979
10,766
10,654
10,765
10,596
10,937
10,655
10,901
10,947
10,910
10,611
10,938
10,739
10,791
10,822
10,875
10,619
10,805
10,741
10,617
10,646
10,805
10,817
10,799
10,647
10,663
10,751
10,750
10,818
10,663
10,711
10,746
10,631
10,954
10,823
10,515
10,639
10,838
10,804
10,772
10,727
10,854
10,811
10,802
10,752
10,622
10,729
10,941
10,512
10,671
10,694
10,909
10,560
10,692
10,728
10,710
10,813
10,759
10,779
10,408
10,623
10,760
10,828
10,745
10,677
10,994
10,694
10,1031
10,946
10,665
10,782
10,545
10,752
10,656
10,808
10,857
10,1224
10,995
10,618
10,660
10,926
10,816
10,612
10,551
10,713
10,812
10,700
10,680
10,490
10,619
10,772
10,954
10,703
10,897
10,605
10,880
10,875
10,786
10,1003
10,1092
10,972
10,833
10,668
10,719
10,690
10,597
10,760
10,605
10,784
10,770
10,871
10,679
10,675
10,596
10,819
10,930
10,750
10,588
10,1083
10,1028
10,894
10,654
10,731
10,752
10,780
10,947
10,737
10,814
10,929
10,925
10,734
10,724
10,1007
10,570
10,877
10,972
10,556
10,747
10,964
10,775
10,821
10,737
10,572
10,769
10,860
10,769
10,892
10,601
10,855
10,1098
10,673
10,758
10,625
10,944
10,732
10,859
10,808
10,832
10,607
10,600
10,877
10,783
10,676
10,862
10,807
10,737
10,522
10,715
10,751
10,1066
10,856
10,839
10,613
10,831
10,873
10,885
10,795
10,656
10,887
10,723
10,844
10,920
10,875
10,822
10,582
10,703
10,713
10,640
10,656
10,763
10,906
10,441
10,809
10,789
