name,length,condition,betweenness,total_delay_time,vehicle_count
LRP001,11.3,A,0.0019120450140611737,0,1434
LRP004,6.6,A,0.0,0,1435
KANCHPUR PC GIRDER BRIDGE,397.0,C,0.0009564801530368245,0,1436
KATCHPUR BOX CULVERT,6.866666666666667,B,0.19825362284019687,0,62200
NAYABARI KASPUR BOX CULVERT,9.45,A,0.19805408918147724,0,62197
KHAS PARA BOX CULVERT,7.7,A,0.1978545555227576,0,62197
Madanpur Bridge.(L),27.5,A,0.1998956567105778,0,53104
KAWTALA BOX CULVERT,11.9,A,0.19966683370745894,0,53104
MALIBAG BOX CULVERT,5.55,B,0.19944075658037752,0,53098
Langalbandh Bridge.,159.52,C,0.19921559474530856,0,53103
Darikandi Bridge (R),21.816666666666663,A,0.1991020985357616,0,53103
Mollik para Bridge(R),40.415,B,0.19876069461510829,0,53098
KRIBORDI BOX CULVERT,8.2,A,0.1985318716119894,0,53093
Marikhali Bridge(L),88.33500000000001,A,0.19830304860887055,0,53100
SANGAKADI CULVERT,5.5,B,0.1980742256057517,0,53095
ASHIR CHAR ( Left),168.61,B,0.19784265672659543,0,53104
MEGHNA BRIDGE,900.0,C,0.19761108784743914,0,53113
TATULTALA CULVERT,5.55,A,0.19738226484432028,0,53101
MALUAKANDI CULVEDRT,5.6,A,0.19715344184120143,0,53103
Bhater char Bridge (L),172.675,A,0.19692461883808257,0,53108
Anarpara Bridge (L),29.81,A,0.1966957958349637,0,53110
VITIKANDA - ANAR PUR CULVERT,34.7,A,0.19646697283184483,0,53103
ALIPURA BRIDGE (LEFT),26.3,B,0.19623540395268857,0,53109
Bhaber char Bridge(R),29.8625,A,0.19600017390548238,0,53102
PURRANBUICHE BOX CULVERT,7.15,A,0.19576677444230114,0,53110
Madhya Baushia Bridge(L),35.629999999999995,A,0.19553154439509496,0,53110
LRP035,9.5,A,0.19529265317983888,0,53099
BORAKANDI BRIDGE(L),16.6875,B,0.1950528466725703,0,53097
Daud Kandi Bridge,1408.8,C,0.1948102942892643,0,53112
Baldhakhal Bridge,14.55,C,0.19456682661394584,0,53100
SHAHID NAGIR,16.5,C,0.19432885069070224,0,53101
SARKAR BARI CULVERT,3.9,C,0.19494255398506702,0,53104
AMIRABATH SLAB CULVERT,6.5,C,0.19583954015729294,0,53098
Ginlatoly,15.9,C,0.19673652632951885,0,53088
RAIPUR BOX CULVERT,12.2,A,0.1976362583777822,0,53083
AITAL BANGA BOX CULVERT,4.5,C,0.19853965159409545,0,53078
Illiot bazar Bridge,28.9,C,0.19944945185449603,0,53076
KHAT GHOR BOX CULVERT,5.9,B,0.20036108269892156,0,53078
BAKRA BOX CULVERT,3.0,B,0.20127820529542195,0,53078
MATIA BAZER,4.5,B,0.2021999043519847,0,53073
KARON KHAL SLAB CULVERT,4.6,B,0.20312526457659735,0,53074
MILL GHAT BOX CULVERT,4.5,A,0.20405428596925992,0,53075
CHANDINA- SHAHA PARA RCC GIDER GRIDGE,23.1,C,0.2049897144060098,0,53072
CORI PAI BOX CULVERT,4.6,B,0.2059324651788595,0,53065
COREPAI BOX CULVERT,4.6,B,0.20687704653573416,0,53061
NIMSHAR SLAB CULVERT,1.5,A,0.2078216278926088,0,53071
KABILA DUBARCHAR SLAB CULVERT,1.0,C,0.20876895512552085,0,53067
NAZIRA BOX CULVERT,3.0,B,0.20971994352648282,0,53077
TIPRA BAZAR BOX CULVERT,2.15,A,0.46081657776893,0,110183
Dhanpur Bridge,22.85,C,0.46027747077358194,0,110194
Paduar Bazar Bridge,35.97,C,0.459734702610184,0,110192
Mostapur Bridge,27.35,C,0.4591882732787362,0,110204
Matigara Bridge,27.35,C,0.45863818277923846,0,110199
Suagazi Bridge.,30.48,A,0.4580844311116908,0,110196
LAL BAG RCC GIDER BRIDGE,22.8,C,0.45752701827609327,0,110177
CHANSIRI BOXCUIVERT,14.3,A,0.45696594427244586,0,110198
MIABAZAR BOX CULVERT,24.0,A,0.4564012091007485,0,110194
NOYA BAZER BOX CULVERT,9.2,A,0.45583281276100124,0,110182
DOLL BARI CULVERT,10.9,B,0.4552607552532041,0,110191
LALGORE BEZER CULVERT,3.2,A,0.45468503657735704,0,110191
SUPUYA BOX CULVERT,13.4,A,0.4541056567334601,0,110186
BOWCHI BAZAR CULVERT,4.6,B,0.45352261572151326,0,110196
AMAN GONG SLAB CULVERT,6.3,B,0.4529359135415165,0,110198
RANGAMATIA (1) BOX CULVERT,3.2,B,0.45234555019346984,0,110190
HARISHARDE CULVERT,4.5,B,0.4517515256773733,0,110194
SONAGATI BOX CULVERT,8.1,B,0.45115383999322684,0,110212
KALIR BAZAR BOX CULVERT,2.8,A,0.45055249314103046,0,110201
CHAUDDAGARAM BOX CULVERT,4.3,B,0.44994748512078425,0,110198
HAYDAR POLE BOX CULVERT,14.3,B,0.4493388159324881,0,110221
FALGUNCORA CULVERT,6.1,A,0.44872648557614203,0,110215
ATTOCK GRAM BOX CULVERT,6.1,A,0.448110494051746,0,110210
BOSONTA PUR BOX CULVERT,6.1,C,0.4474908413593002,0,110208
BASHONTA PUR (2),9.5,B,0.44686752749880443,0,110200
NANKORA BOX CULVERT,3.1,B,0.44624055247025873,0,110214
ANDAJER BAZER BOX CULVERT,9.5,A,0.44560991627366314,0,110201
DIMATOLI (1) BOX CULVERT,6.3,B,0.4449756189090177,0,110209
DIMATOLY (2) BOX CULVERT,3.5,B,0.44433766037632233,0,110221
JAGARNATHPUR BOX CULVERT,6.1,B,0.44369604067557705,0,110216
JAGOT PUR BOX CULVERT,4.75,B,0.4430507598067819,0,110211
FOKIR BAZAR SLAB CULVERT,4.5,B,0.4424018177699368,0,110216
KAKKARA CULVERT,5.3,B,0.4417492145650418,0,110211
Chanara Box Culvert,6.1,A,0.44109295019209693,0,110227
CHANGARPULL(II) BOX CULVERT,6.3,B,0.4404330246511021,0,110223
PODOYA BOX CULVERT,6.175,A,0.4397694379420575,0,110212
UTTOR KAIEATI CULVERT,8.85,A,0.43910219006496287,0,110214
DUTHOSHA BOX CULVERT,6.1,B,0.4384312810198184,0,110219
MOHAMMAD ALI MAZAR,4.0,B,0.437756710806624,0,110211
FATAPUR BOX CULVERT,10.8,A,0.4370784794253797,0,110225
DEBIPUR SLAB CULVERT,1.6,A,0.4363965868760855,0,110217
CHARIPUR CULVERT.,3.4,A,0.4357110331587414,0,110238
RAMPUR BOX CULVERT,1.5,A,0.4110338452103913,0,74838
Rampur Bridge(L),15.636666666666663,B,0.4102238117793506,0,74843
Lemua Bridge(L),98.87,C,0.4094101171802599,0,74841
FAZAILPUR BOXCULVERT,1.5,A,0.40859276141311934,0,74843
Muhuri Bridge(L),193.22,B,0.4077717444779289,0,74856
DHOOM GHAT PC GIRDER,113.35,B,0.4069470663746885,0,74843
BOROYAR PARA SLUB CULVERT,3.0,A,0.40611872710339825,0,74833
BAROYARHAT BOX CULVERT,3.0,A,0.4052867266640581,0,74828
UTTOR SONAPAR BOX CULVERT,2.6,A,0.404451065056668,0,74826
DHARBAR TILA CULVERT,3.15,A,0.40361174228122804,0,74823
MAMAFOUN ASTANA CULVERT,1.5,A,0.4027687583377382,0,74815
MASTANNAGOR BONCUL(1),4.333333333333333,A,0.4019221132261984,0,74825
MUSTAN NAGAR -4,3.0,A,0.4010718069466087,0,74821
RAIPUR (2) BOX CULVERT,8.45,A,0.40021783949896916,0,74817
MUCHIPOOL CULVERT,9.5,B,0.39936021088327966,0,74818
MIRSARAI BOX CUL,4.5,A,0.3984989210995403,0,74819
MIRAISORI BRIDGE,23.2,B,0.39763397014775104,0,74822
Mirsorai(2) box culvert,6.0,A,0.39676535802791185,0,74815
IANAINIPOL BOX CULVERT.,9.7,A,0.39589308474002277,0,74808
BOKIMTOLA BOX CULVERT,4.0,A,0.39501715028408374,0,74806
VARTAKA BOX CULVERT,12.9,A,0.39413755466009487,0,74819
VARTAGIA BOX CULVERT,5.55,A,0.3932542978680561,0,74819
NIAZAMPUR BOX CULVERT,3.0,A,0.3923673799079674,0,74805
MIRJAPUR BOX CULVERT,8.4,A,0.3914768007798288,0,74814
DUKHIN UTHPAR BOX CULVERT,19.2,A,0.3905825604836403,0,74806
VANGGARPOL BOX CULVERT,4.2,A,0.3896846590194019,0,74809
BORO KAMALDA BOX CULVERT,3.2,A,0.3887830963871136,0,74818
TARAT BOX CULVERT,6.0,A,0.3878778725867754,0,74811
Tarial Bazar Culvert,3.0,A,0.38696898761838733,0,74815
SATU DURUAR HAT BOX CULVERT,3.0,A,0.3860564414819493,0,74813
RONA SORA CULVERT,6.7,A,0.3851402341774614,0,74821
KACHAI PATH BOX CULVERT,3.0,A,0.38422036570492357,0,74812
EGOL PUR BOX CULVERT,4.55,A,0.3832968360643359,0,74815
SITAKUNDA SLAB,3.0,A,0.3823696452556983,0,74824
PURBOMOHADAB PUR SLAB CULVERT(L),4.6,A,0.38143879327901076,0,74815
MADICAL MORE CULVERT,3.0,A,0.38050428013427334,0,74808
DOKHIN MOHADEB PUR BOX CULVERT,5.583333333333333,A,0.37956610582148603,0,74816
HATILOTA BOX CULVERT,4.5,A,0.3786242703406488,0,74819
BAROCONDO BRIDGE,12.375,C,0.37767877369176167,0,74812
BARO-CUNDHOW BOX CULVERT,10.2,A,0.3767296158748247,0,74812
PHPMORE BON CULVERT,5.233333333333333,A,0.3757767968898377,0,74805
OHIDPUR BOX CULVERT,4.1,A,0.37482031673680094,0,74810
BARSH BARIA BRIDGE,21.6,B,0.3738601754157142,0,74807
SOUTH BALSH KHALI BOX CULVERT,4.1,A,0.37289637292657757,0,74810
SOTTANA MONDIR CULVERT,8.2,A,0.37192890926939104,0,74807
GULAM JUTE MILE BOX CULVERT,9.65,A,0.3709577844441546,0,74801
BORO KUMIRA BRIDGE,27.0,C,0.3699829984508683,0,74803
ROYL CIMINT GATE CULVETRT,11.05,A,0.369004551289532,0,74805
GORA MARI BOX CULVERT,3.0,B,0.3680224429601459,0,74809
BARAOWLLA BOX CULVERT,14.415,A,0.36703667346270985,0,74804
HATIBORI BOX CULVERT,6.0,A,0.36604724279722395,0,74806
Modonhat Bridge,24.32,D,0.3650541509636881,0,74810
KODOM RASUL BOX CULVERT,3.0,A,0.36405739796210235,0,74799
SALAKHARPAD BRIDGE,26.3,C,0.3630569837924667,0,74805
HASNA BAD BOX CULVERT,21.5,A,0.36205290845478116,0,74806
DHAMAKHALI BRIDGE,35.1,B,0.3610451719490457,0,74809
VATIARI CULVERT,5.0,A,0.36003377427526034,0,74803
T. B HOSPITAL GATE BOX CULVERT,10.5,A,0.3590187154334251,0,74811
PAKKA MATA BOX CULVERT,3.0,A,0.35799999542353994,0,74799
GLAXO BOX CULVERT,8.3,A,0.35697761424560487,0,74806
CORNAIL HAT BOX CULVERT,3.0,A,0.35595157189961996,0,74812
BOALIA BOX CULVERT,4.65,C,0.3549218683855851,0,74823
BAKULIA BRIDGE,14.7,B,0.29264997631681916,0,27679
5 No hafez bazar Bridge,39.67,C,0.2914152473919898,0,27679
Tulatuli Bridge,44.845,C,0.2901768572991106,0,27689
Hajrath Sha Amanath Satu,914.0,C,0.2889348060381814,0,27689
SHIKALBAHA BRIDGE,11.0,C,0.28768909360920236,0,27683
SHIKALBAHA,15.2,C,0.2864397200121734,0,27702
SOUTH MITTACHORI,3.9,A,0.2851866852470945,0,27691
ISLAMPUR CULVERT,2.25,A,0.28392998931396574,0,27684
SHIKALBAHA MORE,3.0,A,0.28266963221278707,0,27683
SHIKALBAHA BRIDGE,116.5,C,0.2814056139435585,0,27683
SHANTERHAT CULVERT,3.0,B,0.28013793450628005,0,27702
SHANTERHAT BOX CULVERT,3.1,B,0.2788665939009517,0,27691
KUSUMPUR BOX CULVERT,3.0,A,0.2775915921275734,0,27691
MUNSHA BOX CULVERT(L),10.8,B,0.27631292918614525,0,27686
MONSHA CULVERT,3.0,A,0.27503060507666716,0,27685
Pirol,5.3,A,0.27374461979913917,0,27692
UZIRPUR HIGH SCHOOL,3.0,A,0.2724549733535613,0,27687
PATIYA BRIDGE,50.8,C,0.2711616657399335,0,27690
PALYA BUS STATION,12.4,A,0.2698646969582558,0,27686
SRIMI BRIDGE,60.5,C,0.26856406700852825,0,27693
KOMOLMUNSHE HAT BOX CULVERT,14.0,B,0.26725977589075073,0,27691
KHORNA CULVERT,3.0,A,0.26595182360492337,0,27689
KHORNA BVS STATION,12.3,C,0.26464021015104605,0,27698
MOJAFFARABAD,7.6,A,0.2633249355291189,0,27696
MOJAFFORABAD,9.4,A,0.2620059997391418,0,27695
ROWSONAT CUL,14.0,A,0.2606834027811148,0,27692
Kanchon Nagar Bridge,11.05,B,0.2593571446550379,0,27699
GASBAREA BOX CULVERT,14.0,A,0.2580272253609111,0,27696
GASBAREA COLLEGE BOX CULVERT,9.2,A,0.25669364489873436,0,27693
Mazar Point Bridge,30.0,D,0.2553564032685078,0,27685
NOYARHAT,12.3,B,0.2540155004702313,0,27684
SANGO BRIDGE DOMAJAR,211.3,C,0.2526709365039049,0,27689
KATGOR CULVERT,9.2,A,0.25132271136952855,0,27686
MOULOVER DOKAN,20.48333333333333,A,0.24997082506710236,0,27694
Noyakhalar Muk Bridge,21.23333333333333,A,0.24861527759662624,0,27692
KARANERHAT CULVERT,5.0,A,0.24725606895810023,0,27682
KARANERHAT CULVERT,7.2,A,0.2458931991515243,0,27690
KOACHIA(MADARBHI),11.2,A,0.2445266681768985,0,27688
MITADIGI ACADEMY,2.0,A,0.24315647603422277,0,27680
MITADIGI,12.6,A,0.24178262272349715,0,27689
Raj Ghata Bridge,23.6,B,0.24040510824472164,0,27685
NOYA PARA BOX CULVERT,5.35,A,0.2390239325978962,0,27681
PODUA BAZAR BOX CULVERT,9.3,A,0.2376390957830209,0,27688
BARO AWLIA(R),8.07,A,0.23625059780009566,0,27686
AMIRABAD BOX CULVERT,35.65,A,0.2348584386491205,0,27677
AMIRABAD LOHAGOR BOX CULVERT,6.0,A,0.2334626183300955,0,27676
LOHAGORA L.S BOX CULVERT,3.0,A,0.23206313684302057,0,27678
DIGIRPARK BOX CULVERT,9.4,A,0.23065999418789573,0,27677
ZADUNAGOR FILLING BOX CULVERT,24.633333333333336,A,0.229253190364721,0,27674
ZADUNAGOR BUS STATION BOX CULVERT,18.1,A,0.22784272537349634,0,27673
Hatirpul Bridge,14.866666666666664,B,0.22642859921422182,0,27681
MUSKAMPANI PARA BOX CULVERT,2.5,A,0.22501081188689737,0,27676
AODU NAGOR (2) BOX CULVERT,1.5,A,0.22358936339152302,0,27674
Rataykul Bridge,15.3,A,0.22216425372809878,0,27682
BON PUKUL PARA BOX CULVERT,12.65,A,0.22073548289662465,0,27681
SANTI BOX CULVERT,1.4,A,0.2193030508971006,0,27675
BRICK FIELD BOX CULVERT,6.9,A,0.21786695772952663,0,27669
AZIZNAGOR FOREST BOX CULVERT,4.6,A,0.21642720339390278,0,27668
AZIZNAGOR BOX CULVERT,2.5,A,0.21498378789022904,0,27675
AZIZ NAGOR 1,6.6,A,0.21353671121850537,0,27672
HARBHANG CHOR,13.64,A,0.21208597337873183,0,27673
GHOIL MARA BOX CULVERT,9.3,A,0.21063157437090838,0,27666
HARBANG,3.0,A,0.209173514195035,0,27665
HARBANG,3.0,A,0.20771179285111174,0,27660
Harbang Chora Bridge,56.2,C,0.20624641033913857,0,27670
ALIPUR BOX CULVERT,8.200000000000001,A,0.2047773666591155,0,27668
HAR BAG BOX CULVERT,3.75,A,0.20330466181104254,0,27665
ATKOTA,15.8,A,0.20182829579491968,0,27659
AKOTA BAZAR BOX CULVERT,21.566666666666663,A,0.2003482686107469,0,27659
BODOITOLI BOX CULVERT,14.0,A,0.19886458025852424,0,27667
BANIYAR CHORA,14.0,A,0.19737723073825167,0,27661
NOL BELA-1 BOX CULVERT,20.8,A,0.19588622004992917,0,27666
NOLBELA BOX CULVERT,14.2,B,0.1943915481935568,0,27666
DIDDA BAZAR BOX CULVERT,15.7,A,0.19289321516913452,0,27664
Mathamuhuri Bridge,294.15,D,0.19139122097666234,0,27668
BANDI BAZAR BOX CULVERT,9.3,B,0.18988556561614026,0,27660
KUMARIKOOL BOX CULVERT,19.2,A,0.18837624908756828,0,27659
HASIRUGIGI,12.6,A,0.18686327139094638,0,27668
CHOHAJANYA (1),12.8,A,0.18534663252627462,0,27661
CHOHAJANIYA (2),9.3,A,0.1838263324935529,0,27658
Polia Fari Bridge,36.285,C,0.18230237129278132,0,27665
DULAHAJARA CULVERT,3.5,A,0.18077474892395984,0,27662
Dulahajar Bridge,54.03,C,0.17924346538708844,0,27672
BOYRAGIR KHIL,32.75,C,0.17770852068216714,0,27671
KHUTAKHALI,1.45,B,0.17616991480919594,0,27671
khutakhali bazar,45.3,B,0.17462764776817485,0,27671
FULCHARI (NEWPARA),6.1,A,0.17308171955910384,0,27666
FULCHARI CULVERT,11.65,A,0.17153213018198293,0,27664
NAPITE KHALI CULVERT,2.95,A,0.16997887963681213,0,27673
EAST NAPITL KHAL BOX CULVERT,2.5,A,0.16842196792359143,0,27669
NAEK KHALI BOX CULVERT,12.4,A,0.1668613950423208,0,27665
KHODIA BARI PRIMARY BOX CULVERT,9.5,A,0.16529716099300032,0,27658
ISLAMABAD KHODIABARI BOX CULVERT,5.9,A,0.1637292657756299,0,27668
Eidgaon Bazar Bridge,45.3,A,0.16215770939020957,0,27664
SHAT GOREA PARA BOX CULVERT,10.6,A,0.16058249183673937,0,27658
RASHIDNAGAR,2.75,A,0.15900361311521924,0,27666
DOLERCHARA CULVERT,9.95,A,0.15742107322564924,0,27664
ROSHIDNAGAR (2),14.05,A,0.1558348721680293,0,27659
JOARIANALA CULVERT,7.2,A,0.15424500994235948,0,27665
JOARIANALA,24.866666666666664,A,0.15265148654863978,0,27664
JOARIANALA CULVERT,14.0,B,0.15105430198687014,0,27672
MITA CHARI BOX CULVERT,9.2,A,0.14945345625705062,0,27668
RAMU HOSPITAL GATE,30.05,A,0.1478489493591812,0,27665
MARULA (WEST),4.233333333333333,A,0.14624078129326185,0,27665
RAMU BY PASS MORE,11.7,A,0.14462895205929263,0,27673
ROMA TECHIPUL,7.8,A,0.1430134616572735,0,27671
CHAKMARKOOL,10.9,A,0.14139431008720446,0,27669
KHURUTIA BOX CULVERT,4.4,A,0.1397714973490855,0,27676
KHURULIA SCHOOL BOX CULVERT,14.133333333333336,A,0.13814502344291668,0,27674
Sarkarpara Bridge,11.95,A,0.13651488836869793,0,27674
MUKTAR KUL,9.2,A,0.1348810921264293,0,27671
Bakkhali Bridge,39.775000000000006,C,0.13324363471611075,0,27671
BESIC AREA,7.9,C,0.1316025161377423,0,27678
KAMBIR GONA,5.900000000000001,C,0.12995773639132394,0,27676
KANAR PARA,9.166666666666666,A,0.1283092954768557,0,27672
SOUTH MITHACHARI,4.1,B,0.12665719339433754,0,27680
SOUTH MITHACHARI,5.266666666666667,A,0.1250014301437695,0,27680
CHALATOLI,3.625,A,0.12334200572515154,0,27676
PANCHORI,15.15,A,0.12167892013848368,0,27672
PANAR CHORH -3 SLAB CULVERT,2.3428571428571425,C,0.12001217338376592,0,27682
PANCHORI,1.842857142857143,A,0.11834176546099827,0,27678
PANAR CHORI SLAB CULVERT,1.3,A,0.1166676963701807,0,27671
TULA BAGAN.,2.52,A,0.11498996611131324,0,27668
TULA BAGAN,2.5,A,0.11330857468439587,0,27677
Modomconiara,16.4,C,0.1116235220894286,0,27677
KHONIA POLONG,8.2,A,0.10993480832641143,0,27677
DOA PATONG,24.1,C,0.10824243339534437,0,27676
JASOYA PALONG,25.3,C,0.10654639729622739,0,27684
MORICHIA,20.6,D,0.10484670002906052,0,27684
MORICHIA PALONG,2.4,B,0.10314334159384375,0,27677
MORICHIA PALONG,31.8,C,0.10143632199057707,0,27676
SHAPUR,11.8,A,0.09972564121926049,0,27686
RATNAPALANG,18.025,A,0.098011299279894,0,27683
HIZOLIA BRIDGE,31.05,C,0.09629329617247763,0,27703
JADIMURA BRIDGE,8.666666666666666,C,0.09457163189701134,0,27689
JADIMORA (1),7.333333333333333,A,0.09284630645349516,0,27687
UKLIA-SHAHABMARKAT,11.55,C,0.09111731984192907,0,27685
P. F PARA SLAB,6.65,A,0.08938467206231308,0,27686
KUTU - PALONG MOSZID SLAB,5.066666666666666,B,0.08764836311464719,0,27693
KATU PALLANG SLAB,2.0,A,0.0859083929989314,0,27692
BALAKHALI TV CENTER,4.300000000000001,A,0.08416476171516571,0,27686
BALUKHALI KASTOM,14.933333333333335,A,0.08241746926335011,0,27684
BALUKHALI,12.4,B,0.08066651564348461,0,27693
GOGU GONA,1.2,A,0.0789119008555692,0,27690
THANGKHALI BOX CULVERT,18.133333333333336,C,0.07715362489960391,0,27689
CHANG KHALI BRIDGE,12.44,C,0.0753916877755887,0,27687
DAIM PARA CULVERT,2.97,C,0.0736260894835236,0,27696
PALONG KHALI BAZAR (1),12.3,C,0.07185683002340859,0,27693
PALONG KHALI RCC GIDER BRIDGE,30.65,C,0.07008390939524368,0,27692
Karontoli Bridge,11.04,C,0.06830732759902888,0,27688
KATA KHALI RCC GIDER BRIDGE,8.375,D,0.06652708463476416,0,27697
ULIBANIA BOX CULVERT,3.1,C,0.06474318050244955,0,27689
BALU KHALI -2 BOX CULVERT,2.54,C,0.06295561520208504,0,27687
Wheke Kang Bridge,19.85,D,0.06116438873367062,0,27686
AMTULI BOX CULVERT,5.05,A,0.059369501097206304,0,27696
LAMBABIL MIDDLE PARA,1.84,A,0.05757095229269208,0,27694
LAMBA BIL BOX,9.900000000000002,C,0.05576874232012796,0,27690
KUTUB DIA PARA (1) CULVERT,3.075,A,0.053962871179513934,0,27687
KANGOR PARA MOZGID,4.08,A,0.05215333887085001,0,27696
KHANCHOR PARA (2),2.775,A,0.050340145394136185,0,27694
NAYAPARA,5.1,A,0.04852329074937246,0,27690
NINA BAZAR BOX CULVERT,16.05,A,0.046702774936558826,0,27687
NOYA BAZAR CULVERT,6.3,C,0.04487859795569529,0,27697
KHARANG KHAIL,16.45,C,0.04305075980678186,0,27692
MOULOVI BAZAR BOX CULVERT (1),2.8666666666666667,C,0.04121926048981852,0,27688
Nila-Hoab Rabg Bridge,32.1,C,0.039384100004805286,0,27688
NILLA BOX CULVERT (1),3.65,A,0.037545278351742144,0,27698
NILA - DORGA- PARA-(1) BOX,2.5,A,0.035702795530629106,0,27697
Chowdhory Para Bridge,24.2,C,0.03385665154146616,0,27691
Rongi-Khali Bridge,12.5,C,0.032006846384253315,0,27687
Ala Khali Kuna Para Bridge,29.9,C,0.03015338005899057,0,27697
LADA BAZAR BOX CULVERT,1.2,C,0.028296252565677922,0,27696
LADAPARA RCC GIDER BRIDGE,23.266666666666666,C,0.026435463904315372,0,27696
NAYA PARA BOX CULVERT,2.72,A,0.024571014074902923,0,27692
NOYA PARA (BRAC SCHOOL),17.383333333333336,A,0.022702903077440568,0,27700
Jadimura bridge,15.4,A,0.020831130911928314,0,27696
DONDO MIA BOX CULVERT,13.966666666666669,A,0.018955697578366158,0,27695
DONDO MIA CHAK POST BRIDGE,32.25,B,0.0170766030767541,0,27691
DOMDO MIA,13.250000000000002,B,0.015193847407092141,0,27701
Karumtoli Bridge,12.7,C,0.01330743056938028,0,27698
KAKUM TOLI CHACK BOX CULVERT,12.071428571428571,B,0.011417352563618515,0,27697
Baroy toli (1) Bridge,11.575,C,0.00952361338980685,0,27688
NAITOM PARA RCC GIDER BRIDGE,15.1,B,0.007626213047945284,0,27697
Naitong Para (3) Bridge,9.0,A,0.005725151538033816,0,27695
Eskahal Bridge,37.3,C,0.0038204288600724454,0,27695
BUS STAND TEKNAF BOX CULVERT,12.966666666666669,A,0.0019120450140611737,0,27691
PORISPUR BOX CULVERT,3.0,A,0.30719762756310365,0,70497
Brorechon,1.5,A,0.3067646944412028,0,70495
DEAB POR SLAB CULVERT,2.5,B,0.3063354224873518,0,70499
RAMPUR,3.75,C,0.30590981170155074,0,70507
BARUARA BRIDGE.,17.8,A,0.3054878620837996,0,70508
KONSENOGOR BOX CUL,3.0,A,0.3050668277580609,0,70504
CONSUNAGAR SLAB,0.9,A,0.3046457934323222,0,70506
HATAMARA BOX CULVERT.,3.1,A,0.3042247591065835,0,70504
KAKORTOLA CULVERT,6.0,B,0.3038064706568822,0,70509
BUGRABUS BOX CULVERT,5.7,A,0.3033890974991934,0,70493
BHIRALLA BOX CULVERT,3.0,A,0.3029717243415046,0,70499
BARRA BOX CULVERT,6.2,C,0.3025543511838158,0,70494
BARRA (3)BOX CULVERT,4.25,A,0.3021342321500896,0,70490
BARHA BOX CULVERT,2.9,B,0.3017131978243509,0,70499
SAIRCHOR BOX CULVERT,9.6,A,0.3012894176225748,0,70485
Bingla Bari Bridge,33.4,A,0.30086197625274874,0,70482
Companigong RCC Girder Bridge,113.8,A,0.30043361959091025,0,70503
Nagorpar Box Culvert,9.4,A,0.30000526292907176,0,70488
KATAKHALI BOX CULVERT,9.3,A,0.2995769062672332,0,70490
BAKON NAGAR BOX CULVERT,6.1,B,0.2991458037293573,0,70493
GAFUR NAGOR RCC GIDER BRIDGE,31.75,C,0.2987137858994689,0,70493
BAHARNAGOR BOX CULVERT,23.53333333333333,A,0.2982817680695805,0,70501
Yousufpur Bridge.,24.5,C,0.2978524961157295,0,70498
YOUSUFPUR (2) BOX CULVERT,7.7,B,0.2974213935778536,0,70489
SAMOLSHAL CHOR BOX CULVERT,9.5,C,0.2969893757479652,0,70486
NAYAPARA BOX CULVERT,9.3,C,0.2965573579180768,0,70488
BORAIPARA BOX CULVERT,6.25,C,0.296122594212151,0,70476
SONG CHAIL RCC GIDER BRIDGE,22.4,C,0.295749155071061,0,70470
HAJIBARI BOX CULVERT,10.3,A,0.29539631000025174,0,70468
MUDUPPUR BOX CULVERT,7.35,C,0.2950430072834362,0,70464
MURPUR BOX,9.35,A,0.29468695869058326,0,70461
MOKIMPUR RCC GRIDER BRIDGE,17.2,B,0.29432724892968043,0,70458
KALAMONLA BRIDGE,52.4,B,0.29396387800072765,0,70464
KALAMURIA BOX CULVERT,12.3,B,0.29359684590372503,0,70470
CHOW MONI BOX CULVERT,12.2,A,0.29322615263867247,0,70460
Kuchi chuani er Bridge,27.8,A,0.29285454408160744,0,70464
GOLA SHAR BOX CULVERT,6.0,A,0.2924829355245424,0,70472
KHARERA BRIDGE,14.5,A,0.2921113269674774,0,70460
DAROGABARI BOX CULVERT,12.0,C,0.29217631270036315,0,70451
MONKASAR BOX CULVERT,12.6,B,0.29238957573926994,0,70457
MONKASHA RCC GRIDER BRIDGE,16.06,B,0.2926037540701892,0,70465
SOYDABAD BOX CULVERT,14.75,A,0.2928289159052581,0,70460
TNLLAK BOX CULVERT,19.0,B,0.293057738908377,0,70456
Bizna Bridge,49.75,B,0.29328381603545844,0,70462
CHATURA CULVERT,36.8,B,0.2935089778705274,0,70468
TANTO CULVERT,6.65,B,0.293735512643615,0,70462
DARKHAR BRIDGE,166.3,B,0.29396387800072765,0,70466
Ujaneswar Bridge,34.2,B,0.29419270100384654,0,70456
AWARON CULVERT,8.5,B,0.29442152400696536,0,70460
MODINAGOR RCC GIDER BRIDGE,27.3,B,0.2946530928861217,0,70458
SULTANPUR BOX CULVERT,5.55,A,0.2948842041192717,0,70454
Sultanpur Uttar Bridge,21.25,C,0.2951134847683968,0,70449
Radhika Bridge,50.25,C,0.29534230777151566,0,70452
OUSURA BOX CULVERT,5.6,A,0.29557113077463454,0,70446
UZURA CULVERT,5.6,A,0.29579995377775337,0,70446
RAMRAIL BOX CULVERT,30.2,B,0.29602877678087225,0,70458
VADHUGLAR BOX CULVERT,3.0,B,0.29626309153606595,0,70447
Kath toli old Bridge,90.6,C,0.2964964909992472,0,70460
NORTH PORTALA BRIDGE,30.8,B,0.2967344669224908,0,70454
Gabura Bridge.,16.68,C,0.2969770193057968,0,70448
SUHILPUR MIRHATI BOX CULVERT,4.75,A,0.29722048698111525,0,70442
SUHIL PUR BOX CULVERT,7.0,A,0.2974612087803963,0,70438
UTTOR SHOHIL PUR CULVERT,3.0,B,0.2976982694116274,0,70435
BATHBARIA BOX CULVERT,3.0,A,0.2979344147508461,0,70436
Shasaugtachha culvert,3.175,A,0.0019120450140611737,0,28193
PAZGACIA SLAB CULVERT,2.7,C,0.0038204288600724454,0,28199
MATIARA SLAB CULVERT,2.7,B,0.05215333887085001,0,28136
SILONIA BOX CVLVERT,45.565000000000005,A,0.050340145394136185,0,28144
AMIR GOAN SLAB CULVERT,2.8,C,0.04852329074937246,0,28146
BAKER BAZAR BOX CULVERT,3.0,A,0.046702774936558826,0,28146
Matuvhuia Bridge,48.71,A,0.04487859795569529,0,28145
CHONG ARPULL BOX CULVERT,3.0,C,0.04305075980678186,0,28139
DAGHANBUIYA SLAB CULVERT,4.4,C,0.04121926048981852,0,28143
RAMNAGAR BRIGE,6.0,A,0.039384100004805286,0,28146
RAMNAGAR SIAB CULVERT,7.55,A,0.037545278351742144,0,28145
BHUYAIN DIGI CULVERT,3.1,C,0.035702795530629106,0,28141
COLLANDI Bridge,7.5,C,0.03385665154146616,0,28139
SANBAG CULVERT,2.8,B,0.032006846384253315,0,28138
SOMIR BAZAR SLAB CULVERT,2.5,A,0.03015338005899057,0,28134
SHIBPUR SLAB CULVERT,2.7,C,0.028296252565677922,0,28142
BAROPAL SLAB CULVERT,9.1,A,0.026435463904315372,0,28137
SONYGOFULL CULVERT,3.0,B,0.024571014074902923,0,28141
PASHIMSIB PUR,6.0,C,0.022702903077440568,0,28139
HAZIPUR CULVERT,3.2,B,0.020831130911928314,0,28134
Chowmohoni Bazar(right),20.5,A,0.018955697578366158,0,28139
krimpur Bridge,38.2,B,0.0170766030767541,0,28136
ALIPUR BOX CULVERT,4.8,A,0.015193847407092141,0,28134
DARMACHPUR CULVERT,3.2,C,0.01330743056938028,0,28151
MAMZAN BIBO BOX CULVERT,10.8,B,0.011417352563618515,0,28139
BARIPOLE BOX,7.800000000000001,D,0.00952361338980685,0,28132
TOWN HALL MORE CULVERT,3.7,C,0.007626213047945284,0,28134
GAPTANG BOX CULVERT,5.0,A,0.005725151538033816,0,28134
Dotter Hut Bridge,9.195,D,0.0038204288600724454,0,28136
UTTOR SONAPUR SLAB CULVERT,2.5,B,0.0019120450140611737,0,28130
MODONPUR,12.8,C,0.005699523361684503,0,1463
MODONPUR COLLEGE,6.25,A,0.004936169823279995,0,1463
LALADI CULVERT,6.1,A,0.004555408346090216,0,1463
KHAJLA PUR,6.0,A,0.0041819692050002405,0,1464
KAZI PARA,6.1,A,0.0038103606479352155,0,1464
BOSTROL CULVERT,6.0,A,0.003438752090870191,0,1464
BRAAMAN,7.533333333333334,A,0.00476684080097204,0,1464
MAZIPARA,4.6,A,0.037545278351742144,0,28505
CHAPRA,4.5,A,0.035702795530629106,0,28513
CHAPRY,4.5,A,0.03385665154146616,0,28513
POLKHAN,5.4,A,0.032006846384253315,0,28512
GOLLAR,6.0,A,0.03015338005899057,0,28520
KEAFON,5.3,A,0.028296252565677922,0,28519
ULAKOLA,106.75,A,0.026435463904315372,0,28515
SHAMARSINGH,4.5,A,0.024571014074902923,0,28521
MADANPUR,89.625,A,0.022702903077440568,0,28519
NARAYAN ROLI,5.0,A,0.020831130911928314,0,28514
SHAMMUDDA,2.833333333333333,A,0.018955697578366158,0,28521
SHAMUDDA,3.4,A,0.0170766030767541,0,28518
DIRAJGRAM,5.0,A,0.015193847407092141,0,28513
DIRASURAM,8.0,A,0.01330743056938028,0,28523
BASURA,4.5,A,0.011417352563618515,0,28516
JUGITALA,6.5,A,0.00952361338980685,0,28511
MOGORKHAL,3.0,A,0.007626213047945284,0,28507
BOGRA,3.0,A,0.005725151538033816,0,28515
BOGRA-3 BOX CULVERT,3.0,A,0.0038204288600724454,0,28512
NOWZAR-2,3.0,A,0.0019120450140611737,0,28504
TANARI BOTTOLA CULVERT,2.4,C,0.09457163189701134,0,27960
BALUCHARA,3.0,A,0.09284630645349516,0,27965
BALUCHARA,15.54,A,0.09111731984192907,0,27960
AMAR BAZAR,3.65,A,0.08938467206231308,0,27959
BORDIGHIR PAR,4.5,C,0.08764836311464719,0,27957
BORODIGHIR PAR,7.4,C,0.0859083929989314,0,27966
PASHIM CHARAKUL CUL,8.1,A,0.08416476171516571,0,27959
PASSIM SURAGOL,9.4,B,0.08241746926335011,0,27959
FATEPUR,11.7,A,0.08066651564348461,0,27956
ALALPARA BOX CUL,6.0,A,0.0789119008555692,0,27961
11 MILE BOX CULVERT,6.65,C,0.07715362489960391,0,27959
SHAZZAPUR SLAB CULVERT,9.5,B,0.0753916877755887,0,27960
Subadaggu Bridge,63.86,C,0.0736260894835236,0,27959
Isapur Bridge,34.2,C,0.07185683002340859,0,27957
FOUZIA BAZAR BAILY BRIDGE,37.3,C,0.07008390939524368,0,27955
Sardargat Bridge,52.845,C,0.06830732759902888,0,27953
Miarghat Bridge,25.3,C,0.06652708463476416,0,27962
MANGHATA BOX CULVERT,5.533333333333334,A,0.06474318050244955,0,27959
Gohiro Steei Bridge,37.78,A,0.06295561520208504,0,27957
Boropool Bridge,24.345,C,0.06116438873367062,0,27953
Dabbo Bridge,14.215,C,0.059369501097206304,0,27959
SULTAN PUR CULVERT,14.466666666666669,A,0.05757095229269208,0,27959
ROYZON BOT TOLA,9.4,A,0.05576874232012796,0,27957
GALINAGAR,12.2,C,0.053962871179513934,0,27956
ODIL NOGOR BUS TAND 2,7.166666666666667,C,0.05215333887085001,0,27964
Rauzan dalarmuk Bridge,15.1,A,0.050340145394136185,0,27970
GODARPUR ARCH MASONARY,4.0,D,0.04852329074937246,0,27969
GODAR PAR,10.3,A,0.046702774936558826,0,27967
CHEEK POST ARSH MASONARY,5.775,C,0.04487859795569529,0,27965
Morartak,4.166666666666667,C,0.04305075980678186,0,27958
Chairman Gate 2,3.75,A,0.04121926048981852,0,27965
BETBEAINA BOX CULVERT,12.3,A,0.039384100004805286,0,27962
SUP NALA SUBMARGE,3.566666666666667,A,0.037545278351742144,0,27962
SIKDAR PARA (2) CULVERT,10.4,A,0.035702795530629106,0,27958
RAMGONA BOX CULVERT,3.6,A,0.03385665154146616,0,27962
THANDA SORI,1.9,A,0.032006846384253315,0,27961
THANDA CHORI SLAB,3.75,A,0.03015338005899057,0,27961
RANIRHAT BRIDGE,33.666666666666664,D,0.028296252565677922,0,27958
RANIRAT ARCK,8.0,A,0.026435463904315372,0,27964
SADAK NAGAR CUL,2.25,A,0.024571014074902923,0,27958
MOGOY CHORI,11.2,A,0.022702903077440568,0,27958
Mogachhari Bridge,10.2,B,0.020831130911928314,0,27955
MOGI CHORI,3.0,A,0.018955697578366158,0,27960
MOGI CHORI,3.0,A,0.0170766030767541,0,27952
GARRA ARCH,12.9,C,0.015193847407092141,0,27951
GHAGRA ARCH MASO,4.333333333333333,A,0.01330743056938028,0,27958
GAIYA CHARA,2.25,C,0.011417352563618515,0,27956
COLABAGAN ARCH MASONRY(R),4.166666666666667,A,0.00952361338980685,0,27954
MOIS PARA ARCH MASONRY,1.6,B,0.007626213047945284,0,27952
BOTH BANI CULVERT,2.0,A,0.005725151538033816,0,27961
CHITTA ARCH MASONRY,1.5,A,0.0038204288600724454,0,27957
Manikchhari Bridge,75.55,B,0.0019120450140611737,0,27951
Jatramura Bridge,36.7,C,0.1838542488999334,0,74887
Gola kandail Bridge.,11.45,C,0.18350186147513037,0,74871
ADURI BOX CULVERT,4.9,B,0.18316274578450822,0,74881
ADURI BOX CULVERT,3.5,B,0.18282729126193598,0,74873
BANTI BOX CULVERT,3.4,A,0.17728245225035982,0,71844
Banti Bridge,37.625,C,0.17685043442047144,0,71839
PUTCHRUCLAI CULVERT,4.5,A,0.17642116246662046,0,71842
SON PARA,8.3,B,0.17599005992874453,0,71843
FURINGDIA BOX CULVERT,8.3,A,0.17555804209885612,0,71839
PURINDA BAZAR BOX CULVERT,6.0,A,0.1751260242689677,0,71836
SHAT GRAM BOX CULVERT,4.0,B,0.17469675231511675,0,71847
BAGBARI BOX CULVERT,4.0,A,0.17426839565327823,0,71845
KANDA PARA BOX CULVERT,3.0,A,0.17384003899143974,0,71837
KURIRPARA BOX CULVERT,2.5,A,0.1734171740816761,0,71834
PANCNDANA BRIDGE,11.933333333333332,B,0.17299888563197482,0,71840
UTTAR BAYANDA CULVERT,3.6,A,0.17258151247428602,0,71831
BAGDI BOX CULVERT,12.7,A,0.17216413931659721,0,71826
BAGDI - 2 CULVERT,3.0,A,0.17174676615890844,0,71830
Basail Bridge,14.45,A,0.1713266471251822,0,71822
BALANAGAR BRIDGE,36.25,C,0.1709056127994435,0,71838
KARAR CHAR CULVERT (2),9.05,A,0.1704845784737048,0,71828
PATUAR PAR CULVERT,3.2,A,0.17006354414796612,0,71836
SAYED NAGAR CULVERT,3.25,B,0.16964250982222742,0,71831
SAYED NAGOR CULVERT,8.066666666666668,A,0.16921872962045129,0,71835
ITAKHOLA CULVERT,7.3,A,0.1687940341266627,0,71831
SHASPUR CULVERT,3.25,A,0.16836659275683666,0,71826
GASHIRDIA BOX CULVERT,4.1,A,0.16793823609499817,0,71825
SIMBI RCC GIRDER,57.725,B,0.16750713355712224,0,71826
KUNDAR PARA (1) BOX CULVERT,2.95,A,0.16707511572723382,0,71834
HAZI BAGAN CULVERT,9.55,A,0.166640352021308,0,71831
SHRISTIGAR BOX CULVERT,9.55,A,0.16724536004155427,0,71836
HAGIBAGAN BOX CULVERT,3.0,A,0.1681945178584913,0,71833
CHITAMNI BOX CULVERT,5.4,A,0.16914276038341583,0,71821
CHAITANUE BOX CULVERT,11.0,A,0.17008825703230296,0,71820
KAMARTEK BOX CULVERT,7.3,A,0.1710328383891776,0,71825
GABTALI BOX CULVERT,5.375,A,0.17197741974605224,0,71833
MARGAL BOX CULVERT,4.0,A,0.17292200110292688,0,71826
BARMANERTEK BOX CULVERT,10.875,A,0.1738638365837641,0,71824
BITIMARGAL BOX CULVERT,3.5,A,0.17480201089655142,0,71822
Bridge Over Arial,91.105,C,0.17573926991732625,0,71830
BARAICHA CULVERT,4.0,A,0.17667378306206366,0,71837
KHAMACHOR BRIDGE,22.6,A,0.17760463503875118,0,71837
DARIKANDI CULVERT,7.3,A,0.1785345717234262,0,71832
Noya Kandi Bridge,13.65,A,0.17946176253206383,0,71843
PATILA DUA BRIDGE,11.5,B,0.18038803804868897,0,71841
NARAYERPUR CULVERT,4.0,A,0.18131156768927667,0,71840
MUNDABAD BOX CULVERT,3.6,A,0.1822341820378519,0,71844
Mahmudabad Bridge,9.925,A,0.18315405051038972,0,71844
mundubus 5 boxculvert,7.3,B,0.18407300369091503,0,71847
OLD BRAMMAPULRA,116.2025,C,0.18498921099540294,0,71850
LAXMEPUR CULVERT,5.333333333333333,A,0.18590175713184096,0,71851
NEAR BHAIRAB SLAB CULVERT,469.0,A,0.18681338797626648,0,71864
BHAIROB SIDE CULVERT,3.1125,A,0.187725018820692,0,71859
SONAROMPUR,4.6,A,0.18863390378908013,0,71869
SUNARAMPUR CULVERT,41.45,C,0.18953912758941832,0,71861
SUNSRAMPUR CULVERT,4.625,A,0.19044343609774403,0,71864
SOHAGPUR 2,12.5,A,0.19134499873003233,0,71872
KAMORA,12.3,A,0.19224564607030817,0,71865
KHARIALA 2,6.223333333333334,A,0.19314354753454654,0,71863
BATHTOLA-2 BOX CULVERT,7.8,A,0.1940405337067725,0,71869
MALIHATA BOX CULVERT,4.5,B,0.1949375198789984,0,71870
MALIHATA BOX CULVERT,9.3,A,0.19583450605122432,0,71873
KUTTAPARCA CULVERT,3.6,A,0.1967287463474128,0,71864
Kuttu para Bridge,22.96,C,0.4134419784952142,0,134680
GURAICHARI,3.0,A,0.41264292856832313,0,134693
Khalkata Bridge,22.95,C,0.4118402174733822,0,134680
Raboa Bridge,17.5,A,0.4110338452103913,0,134690
Bari vara Bridge,43.88,C,0.4102238117793506,0,134694
BARIUSE BOX CULVERT,23.375,B,0.4094101171802599,0,134691
BARURA BOX CULVERT,11.225,A,0.40859276141311934,0,134697
Titas Bridge,114.375,C,0.4077717444779289,0,134688
RAZABAZAR BOX CULVERT,4.0,C,0.4069470663746885,0,134677
BOE SHASY BOX CULVERT,10.4,A,0.40611872710339825,0,134688
DABISOR BOX CULVERT,37.25,A,0.4052867266640581,0,134688
Rampur Bridge-2,35.01,B,0.404451065056668,0,134680
Khilsima Bridge,15.515,C,0.40361174228122804,0,134680
Lohor Bridge,64.58,A,0.4027687583377382,0,134688
BULUNTI 2 BOX CULVERT,4.0,A,0.4019221132261984,0,134692
BURUNDI (3) BOX CULVERT,9.3,A,0.4010718069466087,0,134674
SHASHI BOX CULVERT,7.9,B,0.40021783949896916,0,134682
BILPASA CULVERT,9.0,A,0.39936021088327966,0,134675
AMTOLI CULVERT,3.5,A,0.3984989210995403,0,134676
ARINAGAR CULVERT,7.15,A,0.39763397014775104,0,134675
Madhab pur Bridge,68.09,C,0.39676535802791185,0,134689
KODHMADAB PUR,3.0,A,0.39589308474002277,0,134680
MADABPUR (KACHARI),19.4,C,0.39501715028408374,0,134682
Mirnagar Bridge,36.7,C,0.39413755466009487,0,134678
HARIA BOX CULVERT,4.0,A,0.3932542978680561,0,134678
UNDHIURA P C G BRIDGE,30.0,B,0.3923673799079674,0,134686
DOKHIN BEDHOSA,25.0,B,0.3914768007798288,0,134687
BEGURA 2 PC GIRDER BRIDGE,40.7,A,0.3905825604836403,0,134683
BEGURGA 1 PC GIRDER BRIDGE,22.8,A,0.3896846590194019,0,134686
WORLDKOAL CULVERT,2.0,B,0.3887830963871136,0,134692
JAGADISHPUR,4.866666666666666,A,0.3878778725867754,0,134689
JAGADISHPUR 2 BOX CULVERT,6.609999999999999,A,0.38696898761838733,0,134688
NARAONPUR CULVERT,5.9,A,0.36173896329450206,0,122875
ITAKHOLA CULVERT,2.9000000000000004,A,0.3607623467171908,0,122880
BANGADOBA BOX CULVERT,11.22,A,0.35978389955585455,0,122890
PATONPUR,4.859999999999999,A,0.35880453710250587,0,122882
NOWA PARA BOX CULVERT,4.0625,A,0.35782517464915714,0,122882
SHAPUR,16.4,A,0.356843066319771,0,122887
HORITOLA BOX CULVERT,5.625,A,0.35585729682233497,0,122881
SHIBPUR BOX CULVERT,5.25,A,0.354867866156849,0,122896
SHIBPUR BOX CULVERT,1.6666666666666667,A,0.3538775201993506,0,122883
RIAZ NAGAR BOX CULVERT,4.05,A,0.35288442836581474,0,122889
JAJPUR BOX CULVERT,2.7,A,0.35188767536422905,0,122889
CHARA BOX CULVERT,3.25,A,0.3508900070706308,0,122891
GORIPUR BOX CULVERT,2.3,B,0.3498923387770326,0,122875
LEVEL CROSING BOX CULVERT,2.6666666666666665,A,0.34889467048343437,0,122888
Shutan Bazar Bridge,83.3,A,0.34789700218983616,0,122874
SATANKONADI BRIDGE,2.566666666666667,A,0.3468965880202005,0,122873
NURPUR CULVERT,3.4000000000000004,A,0.34589525855855235,0,122890
BORCLAR CULVERT,12.5,A,0.3448966749729417,0,122871
BORCHAR,2.6,A,0.34389626080330604,0,122881
BISHOROAH BOX CULVERT,2.35,A,0.34289493134165794,0,122877
WORLD ROAD CULVERT,2.1,A,0.3418908560039724,0,122887
BIRAM CHAR BOX CULVERT,1.6,A,0.3408831194982369,0,122871
Shaistaganj Bridge,217.25,C,0.3398717218244516,0,122897
ADDIPASHA R C C BRIDGE,27.0,A,0.3395797436724719,0,111270
BASHUINA BOX CULVERT,7.3,C,0.3384932920536636,0,111269
BAINA BOX CULVERT,2.0,A,0.33740317926680535,0,111272
JOYPUR BOX CULVERT,6.866666666666666,A,0.3363094053118972,0,111271
RUPSANKAR BOX CULVERT,1.75,A,0.28479951672581744,0,93257
CHARGUY BOX CULVEFRT,7.15,A,0.283566618385013,0,93252
DOWLOTPUR PC BRIDGE,41.0,A,0.28233280475219613,0,93280
TOLAMPUR BOX CULVERT,7.2,A,0.2810962452433418,0,93261
JANJJALIA,4.35,A,0.27986151631851247,0,93257
ISLAMABAD,2.75,A,0.27862495680965815,0,93255
Chalta Bazar Bridge,30.75,B,0.27738473613275394,0,93271
CHALTA BAZAR BOX CULVERT,9.425,A,0.27614085428779983,0,93263
ADITPUR,19.0,A,0.2748933112747958,0,93271
MOSHIDOLONG,8.35,A,0.2736421070937419,0,93261
DOVEREL,2.6,A,0.27238724174463813,0,93274
SHOURATUL,5.375,A,0.2711287152274844,0,93272
PUTI JURRI,7.666666666666667,A,0.2698692734183182,0,93279
PUTA JURI SCHOOL,4.6000000000000005,A,0.268609831609152,0,93274
RAJSURAT BOX CULVERT,11.5,A,0.2673476439239484,0,93284
SUCK CHAR BOX CULVERT,2.45,A,0.2660872868227697,0,93281
BROCHAR BOX CULVERT,8.0,A,0.2648278450136035,0,93282
Rokonpur Bridge,7.575,B,0.26356840320443736,0,93271
BURIMA BOX CULVERT,4.136,A,0.2623062155192337,0,93278
BOROKADI BOX CULVERT,20.8,A,0.26104585841805505,0,93273
Paniunda Bridge,13.85,B,0.25978641660888885,0,93276
KURAGU BOX CULVERT,2.466666666666667,A,0.25852422892368526,0,93266
SATAIHUL,4.844444444444445,A,0.25726112594646916,0,93272
MARAURA,3.1,A,0.2560007688452905,0,93273
DEWPARA CULVERT,5.08,A,0.25473858116008685,0,93270
KANDIGOAN,8.866666666666667,A,0.25347273230683337,0,93261
AUGON BOX CULVERT,2.0,A,0.25220871403760475,0,93269
DEVPARA BOXCULVERT,3.083333333333333,A,0.25094286518435127,0,93274
NOLSUZA 2 CULVERT,2.58,A,0.24967610103908527,0,93270
SHADARGHAT 1,63.76666666666667,A,0.24840933689381928,0,93274
VHARDEV CULVERT,1.5,A,0.2471453186245907,0,93270
BANAODAB GUPLAR BRIDGE,12.0,A,0.24587946977133718,0,93273
Ratunpur -3 Bridge,8.0,B,0.24461270562607118,0,93270
RUSTOM PUR RCC GIRDER BRIDGE,24.5,A,0.24334594148080518,0,93259
anukandi,3.3433333333333337,A,0.24207643145950178,0,93267
AUSKANDI BOX CULVERT,3.0666666666666664,A,0.24080326027014845,0,93261
Minazpur Bridge,38.0,A,0.23953191966482007,0,93262
MIRAZPUR 1,5.1,A,0.23825874847546674,0,93250
JALALPUR,18.4,A,0.23698740787013836,0,93259
Chaar Nopul Bridge,15.0,A,0.23571423668078506,0,93257
PATUA ADARSHAW BOX CULVERT,9.3,A,0.23443740432338184,0,93258
Aminnagar Bridge,30.0,B,0.23315965667396613,0,93259
Gram Sherpur Bridge,16.75,A,0.231879163148513,0,93258
SHERPWR BOX CULVERT,4.0,A,0.23059500845500996,0,93254
Sherpur Bridge,282.35,D,0.2193030508971006,0,75518
Shadipur Bridge,159.85,D,0.21786695772952663,0,75521
Katen Bridge,25.5,A,0.21642720339390278,0,75514
BAGUMPUR,2.0,A,0.21498378789022904,0,75508
Firozpur Bridge,62.5,C,0.21353671121850537,0,75501
ONISH MILL,22.0,A,0.21208597337873183,0,75513
FASTAM BOX CUL,10.233333333333333,A,0.21063157437090838,0,75513
BROMMON GRAM,13.75,A,0.209173514195035,0,75508
BRAMMOR GRAME BOX CULVERT,2.25,A,0.20771179285111174,0,75497
GOYALA BAZAR,3.0,A,0.20624641033913857,0,75508
GOYNAGAT BOXCULVERT,8.2,A,0.2047773666591155,0,75507
TAJPUR BAZAR BOX,3.0,A,0.20330466181104254,0,75500
CHANDPUR BOX CULVERT,7.2,A,0.20182829579491968,0,75507
SIMMANPUR BOX CULVERT,4.125,A,0.2003482686107469,0,75501
MOHAMMAD PUR CULVERT,2.0,A,0.19886458025852424,0,75491
DAYA MIR BOX CULVERT,1.5,A,0.19737723073825167,0,75502
DAYAMIR BOX CULVERT,3.533333333333333,A,0.19588622004992917,0,75502
FURRA BAZAR CULVERT,2.0,A,0.1943915481935568,0,75493
KURRZ BAZAR BOX CULVERT,2.0,A,0.19289321516913452,0,75497
NAZIR BAZAR,12.4,C,0.19139122097666234,0,75502
KUTUB PUR BOX CULVERT,2.5,A,0.18988556561614026,0,75501
ROSID PUR BOX CULVERT,18.6,A,0.18837624908756828,0,75497
LALA BAZAR START,2.5,A,0.18686327139094638,0,75509
LALA BAZAR,11.8,B,0.18534663252627462,0,75498
LALA BAZAR,2.0,A,0.1838263324935529,0,75502
LALA BAZAR,3.0,B,0.18230237129278132,0,75508
LALA BAZAR,12.2,B,0.18077474892395984,0,75514
KETLIL CULVERT,3.0,A,0.17924346538708844,0,75509
Teli Bazar Bridge,21.4,A,0.17770852068216714,0,75499
CHANDRIPUR,1.5,A,0.17616991480919594,0,75513
FIRUS PUR 1,4.5,B,0.17462764776817485,0,75509
SYHAT RAIL LINE OVER BRIDGE,21.0,A,0.17308171955910384,0,75507
KADAMTALY CULVERT,153.85,A,0.08938467206231308,0,27997
SUCLTY BOX CULVERT,6.9,A,0.08764836311464719,0,28004
MIRA BAZAR CULVERT,4.475,A,0.0859083929989314,0,28000
TILA GOR BOX CULVERT,4.05,A,0.08416476171516571,0,27993
ISLAM PUR BOX CULVERT,2.0,A,0.08241746926335011,0,27998
CHAMILI BAG BOX CULVERT,6.0,A,0.08066651564348461,0,27998
Hatim Para Bridge,8.925,C,0.0789119008555692,0,27997
KHASDIMNAGAR,11.7,A,0.07715362489960391,0,27995
BEEIK ALAKA BRIDGE,9.0,C,0.0753916877755887,0,28001
KHIDIR PUR BOX CULVERT,3.0,A,0.0736260894835236,0,27997
HATIMA BOX CULVERT,10.2,A,0.07185683002340859,0,27996
PILOR CHAK BOX CULVERT,7.725,B,0.07008390939524368,0,27990
BOTESSOR BOX CULVERT,3.0,A,0.06830732759902888,0,27996
PULI BOX CULVERT,7.625,A,0.06652708463476416,0,27994
THAKURRAMATI BOX CULVERT,3.0,A,0.06474318050244955,0,27985
THAKURAMATI BOX CULVERT,6.575,A,0.06295561520208504,0,27993
KHAN BAGAN,6.5,A,0.06116438873367062,0,27990
PANI CHARA,9.0,A,0.059369501097206304,0,27989
OMON PUR,6.85,A,0.05757095229269208,0,27987
OMON PUR,3.0,A,0.05576874232012796,0,27996
HORIPUR,4.5,A,0.053962871179513934,0,27995
Haripur Bridge,90.8,A,0.05215333887085001,0,27994
Korish Bridge,82.0,B,0.050340145394136185,0,27992
SALI RCC GIDER BRIDGE,36.3,B,0.04852329074937246,0,27996
Goyali Bridge,36.0,C,0.046702774936558826,0,27991
Damri Bridge,55.5,B,0.04487859795569529,0,27996
DIGIR PAR,12.4,A,0.04305075980678186,0,27991
DAMA BOX CULVERT,7.6,A,0.04121926048981852,0,27988
borbos bazer,9.1,A,0.039384100004805286,0,27996
Darbast Bazar Bridge,21.75,B,0.037545278351742144,0,27992
DORPOS SUBMARCH,3.0,A,0.035702795530629106,0,27991
SARI GHAT,21.4,A,0.03385665154146616,0,27989
Sari Ghat Bridge,190.5,B,0.032006846384253315,0,27997
ERABOTY,26.0,B,0.03015338005899057,0,27993
SUBMARGE CULVERT,3.0,A,0.028296252565677922,0,27991
BORO GUNG STEEL BEAM AND RCC SLAB,87.2,A,0.026435463904315372,0,27995
Lamapara Bridge,23.9,A,0.024571014074902923,0,27994
CHING GIL STEEL BEAM AND RCC SLAB,79.0,A,0.022702903077440568,0,27991
MUKTTAR PUR RCC GIDER BRIDGE,14.4,A,0.020831130911928314,0,27991
BILAY MORE STEEL BEAM AND RCC SLAB,63.5,B,0.018955697578366158,0,27986
Rang Pani Bridge,33.666666666666664,A,0.0170766030767541,0,27995
Bangla Bazar Bridge,81.0,A,0.015193847407092141,0,27990
Asum Bazar Bridge,36.5,B,0.01330743056938028,0,27990
NOLJURI,39.5,A,0.011417352563618515,0,27990
Noljuri Bridge,24.5,A,0.00952361338980685,0,27989
LRP282,3.5,A,0.007626213047945284,0,27994
LRP283,2.75,A,0.005725151538033816,0,27993
LRP284,5.666666666666667,A,0.0038204288600724454,0,27992
LRP285,16.666666666666668,A,0.0019120450140611737,0,27990
JOGIDISH PUR TEMORIA,4.0,C,0.025720620842572064,0,1451
TELARIA CHARA,18.816666666666663,B,0.023867154517309315,0,1451
DOKHIR SHURMA CULVERT,9.5,B,0.022010027023996667,0,1451
SURMA CULVERT,2.25,B,0.02014923836263412,0,1451
20 NOVEMBER AMTOLI,9.5,B,0.018932815278054273,0,1451
CHADCHURY CULVERT,3.0,C,0.01793423169244358,0,1451
SATH SARI,13.8,A,0.016933817522807933,0,1451
CHANTRI CHARA CULVERTR,6.0,A,0.01593248806115981,0,1451
CHANDRI CULVERT,1.65,A,0.014933904475549119,0,1451
Ram Bhanga Bridge,50.0,A,0.0139362361819509,0,1450
RAMAGANJA CULVERT,16.966666666666665,B,0.012938567888352681,0,1450
KARAGANUT,13.5,D,0.011940899594754462,0,1450
CHANDPUR BOX CULVERT,22.85,A,0.010948723053231095,0,1450
HATUNDA BOX CULVERT,9.24,A,0.009966614723844958,0,1449
NATUM BAZAR BOX CULVERT,3.0,A,0.008987252270496248,0,1449
SIGNHARD BOX CULVERT,2.24,A,0.008010635693184965,0,1449
PICE MILL BOX CULVERT,3.1100000000000003,A,0.00703218853184873,0,1449
NORPATI BOX CULVERT,12.875,C,0.00605282607850002,0,1449
DURGAPUR,9.675,A,0.007204263430194111,0,1450
NEAR SHAIS TAGAMJ BOX CULVERT,4.5,A,0.00906322150753171,0,1450
UBAHATA SLAB CULVERT,4.3,A,0.010918518416819406,0,1450
Mirpur RCC Bridge,22.29,C,0.05448916408668731,0,1515
BINAGOU,19.4,C,0.05270342937034774,0,1515
NATUN BAZAR RCC GIRDER,16.630000000000003,C,0.050915864069983226,0,1515
Karangi Bridge,38.25,B,0.049124637601568814,0,1514
MIRZAPUR BOX CULVERT,3.0,A,0.04733249584114192,0,1516
KACHA BAZAR BOX CULVERT,6.0,A,0.04554584583278988,0,1516
DHLKI BOX CULVERT,10.85,C,0.04376102640846279,0,1515
Sataoan box culvert,2.5,A,0.04235651081531924,0,1516
MOTIGAMJ BOX CULVERT,13.5,A,0.041084254917978395,0,1516
Laiarkal Bridge,16.45,B,0.039811083728625074,0,1516
MOTIGANJ BRIDGE,45.0,A,0.0385397431232967,0,1516
BILASHER PARA BOX CULVERT,20.6,B,0.03726657193394338,0,1516
SRIMANGLE BASTE BRIDGE,12.0,A,0.03599797720465243,0,1516
SIRMONGAL BOX CULVERT,16.9,A,0.03473121305938644,0,1516
NEAR SHRIMANGAL THANA,5.675,A,0.03346719479015787,0,1516
ZOINAG SARA CULVET,14.0,A,0.032201345936904345,0,1516
ESUPPUR CULVERT,9.15,B,0.03093458179163835,0,1516
NOWGAON -2 CULVERT,4.25,A,0.029667817646372354,0,1515
KALIR BAZAR CULVERT,3.0,A,0.028403799377143785,0,1516
SHIRAZ NAGAR,10.066666666666668,C,0.027137950523890265,0,1516
UTTOR KALAPUR,7.949999999999999,D,0.025876678130699122,0,1516
BAGALPUR MASDI CULVERT,5.25,A,0.024614490445495504,0,1516
BHAIRAB GONG CULVERT,6.0,A,0.023351387468279413,0,1516
SHUHAPUR CULVERT,9.4,B,0.022091030367100743,0,1515
GIYASPUR BOX CULVERT,18.7,C,0.02083158855793455,0,1515
CODUPUR BOX CULVERT,7.1,C,0.019569400872730933,0,1516
NETOR SOR BOX CULVERT,9.1,B,0.018309043771552267,0,1516
GOMRA CULVERT,4.5,A,0.017049601962386075,0,1516
pOLISHHIW RD,2.925,A,0.015790160153219882,0,1516
JOGANNATHPUR BOX CULVERT,3.0,A,0.014527972468016265,0,1516
JAGONATH BOX CULVERT,6.0,C,0.013267615366837598,0,1516
KODALIPUR BOX CULVERT,18.45,C,0.012008173557671406,0,1516
TONA BAZAR BOX CULVERT,6.875,A,0.010767952880767198,0,1516
SHAMPASHI CULVERT,12.1,A,0.009531393371912892,0,1516
Kamalpur culvert,1.5,A,0.008296664447083537,0,1516
Khalishpur Bridge,20.8,A,0.009329571483162059,0,1516
KHALESPUR,14.0,A,0.011115306199501624,0,1516
BAHUR BAG,4.5,A,0.012905617375903565,0,1516
Kamarkhali Bridge,34.4,C,0.014697759136330457,0,1516
GORA KHAL BOX CULVERT,3.5,A,0.016487155020719922,0,1516
SHADHAPUR BRIDGE,12.5,A,0.018272889737059487,0,1516
Borak Bridge,101.6,B,0.020057709161386578,0,1516
KHALARGON BOX CULVERT,18.4,B,0.021842528585713665,0,1516
DAUDPUR BOX CULVERT,3.0,A,0.023624602134003327,0,1516
MIRZAPUR BOX CULVERT,6.0,A,0.025403014514243087,0,1516
RATAULI BOX CULVERT,3.75,A,0.0019120450140611737,0,28184
BRIDGE OVER TURAG RIVER(L),51.0,B,0.0038204288600724454,0,28184
PURBO SULTANPUR CULVERT,18.0,A,0.005725151538033816,0,28184
Monu Bridge,137.4,B,0.007626213047945284,0,28179
CHANALE BOX CULVERT,4.75,A,0.00952361338980685,0,28183
ISLAMPUR BOX CULVERT,6.0,A,0.011417352563618515,0,28185
RAISREE SETU BOX CULVERT,18.0,A,0.01330743056938028,0,28187
TALTOLA BOX CULVERT,14.0,A,0.015193847407092141,0,28187
KADOM HATE BOX CULVERT,12.5,A,0.0170766030767541,0,28182
ASRAFUL KAPUL,41.7,C,0.018955697578366158,0,28185
ASRAKAPUL BOX CULVERT,5.7,A,0.020831130911928314,0,28186
CHATURACAHEL BOX CULVERT,2.3,A,0.022702903077440568,0,28185
GOBINDO PATI BOX CULVERT,12.4,A,0.024571014074902923,0,28188
GOBINDO PATI BOX CULVERT,3.0,A,0.026435463904315372,0,28191
MOYNAR DOKAN BOX CULVERT,6.0,B,0.028296252565677922,0,28194
MAHASOHOSRO BOX CULVERT,13.4,A,0.03015338005899057,0,28194
PONIGRAM BOX CULVERT,10.35,A,0.032006846384253315,0,28188
VINAAJURI BOX CULVERT,10.225,A,0.03385665154146616,0,28190
Vonachara Bridge,22.0,C,0.035702795530629106,0,28194
Kuchimora Bridge,19.1,A,0.037545278351742144,0,28192
BRAMMON GRAM BOX CULVERT,3.0,A,0.039384100004805286,0,28194
KARIMPUR BOX CULVERT,3.1,B,0.04121926048981852,0,28196
KARIMPUR BOX CULVERT,5.233333333333333,A,0.04305075980678186,0,28198
Kutalpur Bridge,7.4,C,0.04487859795569529,0,28190
TIKERPAR BOX CULVERT,15.85,B,0.046702774936558826,0,28192
UTTAR BAG BOX CULVERT,3.0,A,0.04852329074937246,0,28197
KALAMOA BOX CULVERT,8.620000000000001,B,0.050340145394136185,0,28199
KHALAI KUL BOX CULVERT,4.175,A,0.05215333887085001,0,28192
LALAPUR BOX CULVERT,12.2,A,0.053962871179513934,0,28193
CHILARCHOK CULVERT,3.8,A,0.05576874232012796,0,28198
MIRZAPUR BOX CULVERT,3.75,A,0.05757095229269208,0,28198
Kacha bahor,11.6,A,0.059369501097206304,0,28191
Karmada culvert,3.0,A,0.06116438873367062,0,28195
FARIDPUR CULVERT,3.8,A,0.06295561520208504,0,28200
LUTPURBOX CULVERT,4.8,C,0.06474318050244955,0,28202
Kushiara culvert,94.23333333333336,A,0.06652708463476416,0,28205
Elaspur steal deck,117.0,C,0.06830732759902888,0,28197
KALPARA BOX CULVERT,5.7,A,0.07008390939524368,0,28188
KUTALPUR BAZER,50.8,B,0.07185683002340859,0,28191
KUTALPUR,36.4,D,0.0736260894835236,0,28197
DHARAMPUR,31.6,B,0.0753916877755887,0,28192
HAJIGANJ,30.3,A,0.07715362489960391,0,28193
HAJIGONJ,15.35,A,0.0789119008555692,0,28195
MOGLA BAZER,20.8,A,0.08066651564348461,0,28189
NAIKHAI BOX CULVERT,3.0,A,0.08241746926335011,0,28192
Jalker Kandi Bridge,32.0,B,0.08416476171516571,0,28186
SIB BARI BOX CULVERT,3.0,A,0.0859083929989314,0,28199
KADAM TALI BOX CULVERT,5.6,B,0.08764836311464719,0,28193
PASTOGOLA BRIDGE,847.9,B,0.24861527759662624,0,27923
EQURIA CULVERT,6.1,C,0.24725606895810023,0,27924
TAHORIA CUL,8.799999999999999,A,0.2458931991515243,0,27924
MOLLABARI CUL,6.1,A,0.2445266681768985,0,27923
BAGOR BRIDGE,24.700000000000003,C,0.24315647603422277,0,27941
KODOMPUR CULVERT (1),10.4,A,0.24178262272349715,0,27926
KODAMMPUR BOX CULVERT,9.45,A,0.24040510824472164,0,27926
ABDULLAPUR BRIDGE,53.0,A,0.2390239325978962,0,27925
VAWARVITY,8.3,A,0.2376390957830209,0,27929
DHALASHARI BRIDGE(1),321.1,B,0.23625059780009566,0,27928
KUSIAMRA(1) BOX CULVERT,22.55,A,0.2348584386491205,0,27926
RAMARKHOLA CULVERT,8.4,A,0.2334626183300955,0,27922
NIMTOLA BRIDGE,27.3,A,0.23206313684302057,0,27930
NEEMTOLA CULVERT,8.3,A,0.23065999418789573,0,27925
Chaltipara Bridge,19.9,A,0.229253190364721,0,27925
Hashara Bridge,20.0,A,0.22784272537349634,0,27924
Hashara-2 Bridge,46.5,A,0.22642859921422182,0,27933
Kewatkhali Bridge,19.9,A,0.22501081188689737,0,27932
KAWAT KHALI 2 BRIDHE,33.2,A,0.22358936339152302,0,27932
DOKHIN AMPARA BOX CULVERT,11.466666666666669,A,0.22216425372809878,0,27929
SHOL GHOR-2,23.0,A,0.22073548289662465,0,27935
Sonbari Bridge,14.2,A,0.2193030508971006,0,27932
BASGAON STAND CULVERT,6.0,A,0.21786695772952663,0,27932
SRINAGOR FERIGHUT BRIDGE,44.75,A,0.21642720339390278,0,27941
SHOMOS PUR BOX CULVERT,29.5,A,0.21498378789022904,0,27935
DOGACHIBAZAR(2),10.3,A,0.21353671121850537,0,27943
KHANBARI BOX CULVERT SARM,10.3,A,0.21208597337873183,0,27942
Shibchar Bridge,41.7,A,0.21063157437090838,0,27946
LRP048,4.6,A,0.209173514195035,0,27949
Pachchar Bridge,46.0,A,0.20771179285111174,0,27948
LRP050,3.6,A,0.20624641033913857,0,27947
Bandarkhola Bridge,21.07,A,0.2047773666591155,0,27947
LRP053,40.13,A,0.20330466181104254,0,27949
Hazi Shariatullah Bridge,456.0,A,0.20182829579491968,0,27947
LRP056,2.6,A,0.2003482686107469,0,27952
LRP059,11.0,A,0.19886458025852424,0,27945
Salildia Bridge.,23.0,A,0.19737723073825167,0,27952
LRP062,10.6,A,0.19588622004992917,0,27952
LRP063,11.14,A,0.1943915481935568,0,27951
Bamonkanda Bridge,32.6,B,0.19289321516913452,0,27955
LRP065,8.5,A,0.19139122097666234,0,27954
LRP066,77.76,A,0.18988556561614026,0,27953
LRP067,5.8,A,0.18837624908756828,0,27953
LRP068,19.55,A,0.18686327139094638,0,27947
Kumar Bridge,109.6,D,0.18534663252627462,0,27955
LRP071,6.8,C,0.1838263324935529,0,27955
LRP072,6.8,B,0.18230237129278132,0,27958
LRP073,9.5,A,0.18077474892395984,0,27956
LRP074,12.15,B,0.17924346538708844,0,27952
LRP075,13.8,B,0.17770852068216714,0,27950
LRP076,6.7,B,0.17616991480919594,0,27949
LRP077,7.6,B,0.17462764776817485,0,27957
LRP078,12.1,D,0.17308171955910384,0,27957
LRP079,6.8,B,0.17153213018198293,0,27955
LRP080,69.15,B,0.16997887963681213,0,27951
LRP081,6.725,A,0.16842196792359143,0,27960
LRP082,12.1,D,0.1668613950423208,0,27958
LRP083,6.75,D,0.16529716099300032,0,27958
LRP084,14.0,D,0.1637292657756299,0,27956
LRP085,13.3,B,0.16215770939020957,0,27962
Chor Pachnodi 1No. Bridge,30.35,C,0.16058249183673937,0,27961
Takerhat Bridge,121.4,B,0.15900361311521924,0,27960
Ak Number Bridge,30.0,B,0.15742107322564924,0,27963
Bolgram Bridge,9.5,B,0.1558348721680293,0,27963
Rajoir Boro Bridge,54.4,C,0.15424500994235948,0,27961
LRP092,6.05,B,0.15265148654863978,0,27954
LRP093,7.56,C,0.15105430198687014,0,27962
LRP094,7.175,C,0.14945345625705062,0,27962
LRP095,36.76,D,0.1478489493591812,0,27957
LRP096,36.1,B,0.14624078129326185,0,27955
LRP097,6.05,C,0.14462895205929263,0,27964
LRP098,63.75,A,0.1430134616572735,0,27963
LRP099,55.49,B,0.14139431008720446,0,27960
LRP100,18.6,C,0.1397714973490855,0,27956
LRP101,42.8,A,0.13814502344291668,0,27966
LRP103,22.65,A,0.13651488836869793,0,27962
LRP104,7.675000000000001,B,0.1348810921264293,0,27962
LRP105,6.45,D,0.13324363471611075,0,27966
LRP106,10.1,A,0.1316025161377423,0,27963
LRP107,6.5,C,0.12995773639132394,0,27962
LRP108,27.4,C,0.1283092954768557,0,27962
LRP109,11.9,D,0.12665719339433754,0,27969
LRP110,15.925,D,0.1250014301437695,0,27967
LRP112,15.5,B,0.12334200572515154,0,27964
LRP113,8.3,B,0.12167892013848368,0,27962
LRP114,19.9,C,0.12001217338376592,0,27966
Bourgata bridge,55.87,C,0.11834176546099827,0,27964
LRP117,6.73,A,0.1166676963701807,0,27966
LRP118,1.83,C,0.11498996611131324,0,27966
LRP119,6.6,A,0.11330857468439587,0,27965
LRP120,4.28,A,0.1116235220894286,0,27961
LRP121,6.78,A,0.10993480832641143,0,27968
Souderkhal bridge,17.25,C,0.10824243339534437,0,27965
LRP124,31.05,A,0.10654639729622739,0,27962
Lakherajkosba bridge,26.95,C,0.10484670002906052,0,27971
LRP126,1.86,A,0.10314334159384375,0,27967
LRP127,23.6,B,0.10143632199057707,0,27966
Asokoti bridge,27.5,C,0.09972564121926049,0,27962
LRP130,7.133333333333333,C,0.098011299279894,0,27970
Lalpur bridge,8.25,C,0.09629329617247763,0,27966
LRP132,3.4,A,0.09457163189701134,0,27964
LRP133,9.575,D,0.09284630645349516,0,27961
LRP134,1.8,B,0.09111731984192907,0,27967
LRP135,11.9,B,0.08938467206231308,0,27967
LRP136,3.65,A,0.08764836311464719,0,27962
LRP137,3.6,A,0.0859083929989314,0,27971
LRP138,13.9,D,0.08416476171516571,0,27971
LRP139,5.0,A,0.08241746926335011,0,27969
LRP141,8.3,A,0.08066651564348461,0,27972
LRP143,8.5,A,0.0789119008555692,0,27969
Jalil bridge,289.95,A,0.07715362489960391,0,27971
Capt. Mohiuddin Jahangir bridge,386.94,A,0.0753916877755887,0,27990
LRP151,10.3,A,0.0736260894835236,0,27970
Rahamatpur bridge,32.3,A,0.07185683002340859,0,27969
LRP153,3.325,A,0.07008390939524368,0,27967
LRP154,3.9,A,0.06830732759902888,0,27972
LRP155,3.6,A,0.06652708463476416,0,27968
LRP156,6.75,A,0.06474318050244955,0,27966
LRP157,3.6,A,0.06295561520208504,0,27970
LRP158,3.6,A,0.06116438873367062,0,27967
LRP159,3.6,A,0.059369501097206304,0,27965
LRP160,3.5,B,0.05757095229269208,0,27962
LRP161,2.6,A,0.05576874232012796,0,27969
LRP162,6.65,A,0.053962871179513934,0,27969
LRP163,5.0,B,0.05215333887085001,0,27967
LRP164,12.75,B,0.050340145394136185,0,27966
LRP165,12.8,A,0.04852329074937246,0,27961
Sagardi bridge,12.2,C,0.046702774936558826,0,27965
LRP168,3.6,B,0.04487859795569529,0,27958
LRP169,3.6,A,0.04305075980678186,0,27958
LRP172,8.1,A,0.04121926048981852,0,27964
LRP173,6.75,A,0.039384100004805286,0,27960
LRP174,3.7,A,0.037545278351742144,0,27964
LRP175,6.7,B,0.035702795530629106,0,27963
LRP176,8.45,A,0.03385665154146616,0,27960
Boalia Bazar Bridge,39.7,C,0.032006846384253315,0,27962
LRP179,5.1,A,0.03015338005899057,0,27960
LRP180,10.0,A,0.028296252565677922,0,27955
LRP181,3.6,A,0.026435463904315372,0,27964
Bakerganj Steel Bridge,18.6,C,0.024571014074902923,0,27962
LRP184,6.75,B,0.022702903077440568,0,27957
LRP185,14.35,C,0.020831130911928314,0,27966
LRP186,10.05,B,0.018955697578366158,0,27963
LRP188,10.0,B,0.0170766030767541,0,27956
LRP189,6.8,A,0.015193847407092141,0,27964
Moukorou Bridge,79.03,B,0.01330743056938028,0,27963
LRP195,5.949999999999999,A,0.011417352563618515,0,27956
Moddho Badorpur Bridge,12.9,A,0.00952361338980685,0,27955
LRP197,5.1,A,0.007626213047945284,0,27961
LRP198,29.82333333333333,A,0.005725151538033816,0,27958
LRP199,7.6,A,0.0038204288600724454,0,27957
LRP200,17.15,A,0.0019120450140611737,0,27956
